site_id,site_name,entity_id,entity_name,sample_id,age_bp,age_uncert_pos,age_uncert_neg,d18o,d13c
202,Piani Eterni karst system,425,MN1,274105,84274.77881,476.1618471,515.1118641,-7.35700302518,-2.22804117628
202,Piani Eterni karst system,425,MN1,274106,84293.65791,466.9094532,505.7506986,-7.32200787363,-2.37878290063
202,Piani Eterni karst system,425,MN1,274107,84314.05928,458.6979015,497.9519713,-7.34376462889,-2.33868248397
202,Piani Eterni karst system,425,MN1,274108,84334.19838,450.9919247,488.3841683,-7.57,-2.052
202,Piani Eterni karst system,425,MN1,274109,84354.75286,441.5069432,477.5835047,-7.45686433745,-2.23115329365
202,Piani Eterni karst system,425,MN1,274110,84374.02044,429.8754571,465.2797575,-7.38370398279,-2.53714529634
202,Piani Eterni karst system,425,MN1,274111,84393.33052,420.8789537,455.3018089,-7.34636183845,-2.69034521411
202,Piani Eterni karst system,425,MN1,274112,84410.29912,412.1173699,440.9694783,-7.34004381018,-2.20737648448
202,Piani Eterni karst system,425,MN1,274113,84429.19135,403.9019041,430.8806079,-7.342,-2.552
202,Piani Eterni karst system,425,MN1,274114,84448.61776,395.1766767,420.6469679,-7.393,-2.873
202,Piani Eterni karst system,425,MN1,274115,84468.30648,382.6418432,411.1007182,-7.36,-2.739
202,Piani Eterni karst system,425,MN1,274116,84488.96269,374.4254925,402.1932697,-7.35,-2.218
202,Piani Eterni karst system,425,MN1,274117,84507.22539,366.2249285,391.6259909,-7.39,-1.598
202,Piani Eterni karst system,425,MN1,274118,84526.78417,357.4953521,381.698753,-7.345,-1.566
202,Piani Eterni karst system,425,MN1,274119,84548.59517,349.2354705,373.9843446,-7.6,-2.446
202,Piani Eterni karst system,425,MN1,274120,84568.00069,340.8342421,364.6059124,-7.752,-3.027
202,Piani Eterni karst system,425,MN1,274121,84587.33973,333.8726346,354.3635672,-7.76,-3.625
202,Piani Eterni karst system,425,MN1,274122,84604.43852,325.6584343,345.0860351,-7.835,-3.281
202,Piani Eterni karst system,425,MN1,274123,84625.28669,318.719525,338.5123476,-7.505,-3.295
202,Piani Eterni karst system,425,MN1,274124,84643.62893,308.8935049,328.8905699,-7.685,-3.102
202,Piani Eterni karst system,425,MN1,274125,84662.40663,302.9625211,319.8665843,-7.586,-2.315
202,Piani Eterni karst system,425,MN1,274126,84681.51215,298.6101455,311.9070862,-7.685,-2.053
202,Piani Eterni karst system,425,MN1,274127,84699.64151,293.7843299,301.6704299,-7.75,-2.069
202,Piani Eterni karst system,425,MN1,274128,84718.25314,286.5738325,294.4790366,-7.811,-2.89
202,Piani Eterni karst system,425,MN1,274129,84737.61759,281.4840312,286.3464547,-7.452,-3.193
202,Piani Eterni karst system,425,MN1,274130,84756.1875,281.5206343,280.7840318,-7.75,-1.768
202,Piani Eterni karst system,425,MN1,274131,84777.62832,277.1166585,276.9131632,-7.52,-1.364
202,Piani Eterni karst system,425,MN1,274132,84796.64444,272.0604235,270.0235432,-7.49,-1.667
202,Piani Eterni karst system,425,MN1,274133,84817.66628,264.494915,266.0197899,-7.434,-2.628
202,Piani Eterni karst system,425,MN1,274134,84840.24527,260.3085731,263.1897698,-7.394,-1.73
202,Piani Eterni karst system,425,MN1,274135,84859.40626,259.1072991,256.7830429,-7.531,-2.522
202,Piani Eterni karst system,425,MN1,274136,84877.11668,259.0521426,251.1917539,-7.23,-4.213
202,Piani Eterni karst system,425,MN1,274137,84896.707,256.9215349,245.9220629,-7.393,-2.486
202,Piani Eterni karst system,425,MN1,274138,84917.84209,248.1849036,243.8684878,-7.177,-2.442
202,Piani Eterni karst system,425,MN1,274139,84935.03417,251.5695845,238.5225399,-7.404,-2.402
202,Piani Eterni karst system,425,MN1,274140,84956.12881,249.2346594,239.6451671,-7.565,-2.117
202,Piani Eterni karst system,425,MN1,274141,84976.12174,247.7925036,239.0504272,-7.6,-1.402
202,Piani Eterni karst system,425,MN1,274142,84995.31886,245.2067444,240.6367246,-7.784,-1.465
202,Piani Eterni karst system,425,MN1,274143,85014.98572,242.7818344,243.058028,-7.56,-1.906
202,Piani Eterni karst system,425,MN1,274144,85034.35728,243.8273391,243.1753947,-7.648,-2.443
202,Piani Eterni karst system,425,MN1,274145,85053.40483,247.8947808,244.8715686,-7.568,-2.489
202,Piani Eterni karst system,425,MN1,274146,85072.89083,247.6902566,243.980331,-7.54,-1.854
202,Piani Eterni karst system,425,MN1,274147,85092.73925,248.6125646,247.0788499,-7.666,-2.483
202,Piani Eterni karst system,425,MN1,274148,85111.03473,252.0135381,249.2800892,-7.73,-2.17
202,Piani Eterni karst system,425,MN1,274149,85129.10605,254.4755477,252.8307072,-7.777,-2.152
202,Piani Eterni karst system,425,MN1,274150,85148.81366,256.781669,257.4715668,-7.98,-3.771
202,Piani Eterni karst system,425,MN1,274151,85169.96488,260.1408359,263.0404628,-7.681,-1.814
202,Piani Eterni karst system,425,MN1,274152,85189.97256,262.7142018,267.1613561,-7.571,-3.025
202,Piani Eterni karst system,425,MN1,274153,85209.53004,269.5206355,270.7808316,-7.68,-2.608
202,Piani Eterni karst system,425,MN1,274154,85229.03773,273.8166382,276.1371449,-7.54,-2.296
202,Piani Eterni karst system,425,MN1,274155,85247.89097,279.1223759,281.7031742,-7.57,-2.063
202,Piani Eterni karst system,425,MN1,274156,85267.41601,286.2827658,289.3605825,-7.69,-3.893
202,Piani Eterni karst system,425,MN1,274157,85288.23833,290.1342334,299.2564326,-7.635,-1.824
202,Piani Eterni karst system,425,MN1,274158,85307.60512,295.9052501,306.1421458,-7.553,-1.371
202,Piani Eterni karst system,425,MN1,274159,85327.77966,301.9850841,313.3732987,-7.84,-1.723
202,Piani Eterni karst system,425,MN1,274160,85347.57683,309.1336704,322.188159,-7.529,-3.019
202,Piani Eterni karst system,425,MN1,274161,85367.74109,314.4198537,328.683278,-7.45,-2.586
202,Piani Eterni karst system,425,MN1,274162,85385.58792,326.7429278,336.5183926,-7.461,-3.197
202,Piani Eterni karst system,425,MN1,274163,85405.61155,333.9642965,342.3202327,-7.722,-2.349
202,Piani Eterni karst system,425,MN1,274164,85424.05107,346.1198153,351.1485897,-7.46,-2.299
202,Piani Eterni karst system,425,MN1,274165,85443.46977,356.8540699,359.4947185,-7.332,-2.17
202,Piani Eterni karst system,425,MN1,274166,85464.38005,363.6280587,370.6763752,-7.493,-2.528
202,Piani Eterni karst system,425,MN1,274167,85483.97909,370.556873,382.6132851,-7.34,-1.662
202,Piani Eterni karst system,425,MN1,274168,85504.08362,377.7042096,388.6741323,-7.513,-1.946
202,Piani Eterni karst system,425,MN1,274169,85523.67091,385.5793166,399.7719465,-7.74,-2.13
202,Piani Eterni karst system,425,MN1,274170,85541.62062,397.2360085,404.4996557,-7.46,-1.677
202,Piani Eterni karst system,425,MN1,274171,85576.3229,385.4907713,396.5834938,-7.51,-1.39
202,Piani Eterni karst system,425,MN1,274172,85608.87078,376.0452733,387.026823,-7.595,-1.203
202,Piani Eterni karst system,425,MN1,274173,85641.19548,367.0044189,375.1848784,-7.59,-1.213
202,Piani Eterni karst system,425,MN1,274174,85674.25469,356.4441264,365.5735759,-7.781,-1.135
202,Piani Eterni karst system,425,MN1,274175,85707.17055,348.2386529,355.8820164,-7.57,-1.301
202,Piani Eterni karst system,425,MN1,274176,85740.17064,339.1855156,345.1831796,-7.784,-2.094
202,Piani Eterni karst system,425,MN1,274177,85773.37597,329.4674139,336.4600934,-7.671,-1.292
202,Piani Eterni karst system,425,MN1,274178,85806.0165,321.048192,320.5470938,-7.73,-1.376
202,Piani Eterni karst system,425,MN1,274179,85840.95276,314.1850632,314.4629642,-7.585,-1.003
202,Piani Eterni karst system,425,MN1,274180,85874.95844,305.9037362,306.8025767,-7.59,-0.98
202,Piani Eterni karst system,425,MN1,274181,85907.34334,299.5360776,292.4168239,-7.632,-1.654
202,Piani Eterni karst system,425,MN1,274182,85939.64971,292.7764179,288.6217026,-7.81,-1.705
202,Piani Eterni karst system,425,MN1,274183,85973.79073,285.2413738,284.7997084,-7.53,-1.165
202,Piani Eterni karst system,425,MN1,274184,86005.98199,278.818392,276.2372357,-7.54,-1.633
202,Piani Eterni karst system,425,MN1,274185,86038.85527,272.3192419,266.1801588,-7.566,-2.2363
202,Piani Eterni karst system,425,MN1,274186,86070.29131,267.7668645,257.8377878,-7.632,-1.529
202,Piani Eterni karst system,425,MN1,274187,86102.29413,263.2453619,250.6516273,-7.59,-2.214
202,Piani Eterni karst system,425,MN1,274188,86134.15428,258.1056105,241.9939912,-7.187,-1.528
202,Piani Eterni karst system,425,MN1,274189,86167.31971,252.9872214,235.9170181,-7.319,-1.336
202,Piani Eterni karst system,425,MN1,274190,86200.70848,247.8766568,231.8475937,-7.457,-1.838
202,Piani Eterni karst system,425,MN1,274191,86234.80747,244.0262061,228.8111074,-7.215,-1.614
202,Piani Eterni karst system,425,MN1,274192,86268.15443,240.3473112,226.6634478,-7.167,-1.659
202,Piani Eterni karst system,425,MN1,274193,86302.24909,237.707115,224.1352435,-7.76,-2.286
202,Piani Eterni karst system,425,MN1,274194,86335.91784,235.2270763,222.6084492,-7.412,-1.878
202,Piani Eterni karst system,425,MN1,274195,86368.49299,232.5421961,222.0737175,-7.599,-2.027
202,Piani Eterni karst system,425,MN1,274196,86402.3867,229.7424768,220.0100292,-7.53,-2.3661
202,Piani Eterni karst system,425,MN1,274197,86436.11618,228.5937671,220.0278654,-7.618,-1.689
202,Piani Eterni karst system,425,MN1,274198,86468.07983,232.2724383,218.1139453,-7.512,-1.876
202,Piani Eterni karst system,425,MN1,274199,86501.48065,235.0510178,217.2605588,-7.608,-1.8099
202,Piani Eterni karst system,425,MN1,274200,86533.04511,240.1646925,216.0407098,-7.61,-1.464
202,Piani Eterni karst system,425,MN1,274201,86567.07021,244.1900714,217.7052379,-7.647,-1.588
202,Piani Eterni karst system,425,MN1,274202,86599.67969,245.376396,223.2090217,-7.488,-1.642
202,Piani Eterni karst system,425,MN1,274203,86632.10873,245.8862453,222.6021991,-7.7,-1.919
202,Piani Eterni karst system,425,MN1,274204,86666.63849,250.0997965,227.8294808,-7.72,-1.62
202,Piani Eterni karst system,425,MN1,274205,86699.69163,251.4389194,231.3330418,-7.65,-1.87
202,Piani Eterni karst system,425,MN1,274206,86735.24849,249.8020798,238.630361,-7.504,-2.129
202,Piani Eterni karst system,425,MN1,274207,86768.52267,256.091346,246.8399425,-7.68,-2.095
202,Piani Eterni karst system,425,MN1,274208,86801.3497,259.3123467,254.3223871,-7.64,-2.062
202,Piani Eterni karst system,425,MN1,274209,86832.38552,270.0902808,260.7598778,-7.62,-1.969
202,Piani Eterni karst system,425,MN1,274210,86864.14309,281.8820793,263.4245238,-7.599,-1.627
202,Piani Eterni karst system,425,MN1,274211,86929.65465,260.9872702,248.9525971,-7.54,-1.519
202,Piani Eterni karst system,425,MN1,274212,86997.08796,247.7956397,237.1651585,-7.78,-1.476
202,Piani Eterni karst system,425,MN1,274213,87061.92295,240.2310636,224.8432816,-8.029,-1.331
202,Piani Eterni karst system,425,MN1,274214,87127.29601,230.0546026,214.2231253,-8.48,-1.838
202,Piani Eterni karst system,425,MN1,274215,87193.11848,221.7438879,208.1317841,-8.311,-2.838
202,Piani Eterni karst system,425,MN1,274216,87260.20017,208.5454635,205.7141215,-7.981,-2.104
202,Piani Eterni karst system,425,MN1,274217,87326.45742,202.119628,204.9521768,-8.03,-1.766
202,Piani Eterni karst system,425,MN1,274218,87391.62905,202.9370599,201.9723002,-7.456,-1.305
202,Piani Eterni karst system,425,MN1,274219,87459.68845,202.2209534,202.3580578,-7.242,-1.835
202,Piani Eterni karst system,425,MN1,274220,87522.64979,205.6476588,204.5147567,-7.553,-2.056
202,Piani Eterni karst system,425,MN1,274221,87586.82211,207.2316855,209.2426336,-7.52,-1.944
202,Piani Eterni karst system,425,MN1,274222,87650.76981,215.7675321,221.6884271,-7.54,-2.15
202,Piani Eterni karst system,425,MN1,274223,87715.72161,222.614921,233.1943804,-7.44,-1.782
202,Piani Eterni karst system,425,MN1,274224,87781.41366,232.8748299,246.0710428,-7.47,-1.943
202,Piani Eterni karst system,425,MN1,274225,87847.47194,247.5360792,262.987401,-7.329,-2.0792
202,Piani Eterni karst system,425,MN1,274226,87912.03081,265.5916362,274.1952248,-7.455,-1.402
202,Piani Eterni karst system,425,MN1,274227,87978.61484,278.5174503,288.6392742,-7.447,-1.276
202,Piani Eterni karst system,425,MN1,274228,88044.60722,301.9908115,309.3090308,-7.55,-1.461
202,Piani Eterni karst system,425,MN1,274229,88084.79904,293.7141877,298.4594776,-7.65,-1.717
202,Piani Eterni karst system,425,MN1,274230,88127.39513,285.405266,292.6022498,-7.6,-1.507
202,Piani Eterni karst system,425,MN1,274231,88169.8224,278.8237563,286.2620485,-7.538,-2.222
202,Piani Eterni karst system,425,MN1,274232,88211.00919,271.3129175,278.0041056,-7.762,-1.906
202,Piani Eterni karst system,425,MN1,274233,88253.06921,265.5885742,273.7300515,-7.62,-2.13
202,Piani Eterni karst system,425,MN1,274234,88293.62603,259.6395891,266.7757904,-7.36,-1.454
202,Piani Eterni karst system,425,MN1,274235,88335.08528,254.1235225,263.5025875,-7.512,-1.305
202,Piani Eterni karst system,425,MN1,274236,88377.43459,246.8621821,261.2539835,-7.374,-0.886
202,Piani Eterni karst system,425,MN1,274237,88419.81928,241.7846917,254.8968052,-7.369,-0.808
202,Piani Eterni karst system,425,MN1,274238,88461.79947,238.031529,251.4257453,-7.48,-0.646
202,Piani Eterni karst system,425,MN1,274239,88502.93455,235.8423582,246.5186154,-7.434,-0.667
202,Piani Eterni karst system,425,MN1,274240,88543.70633,232.7421143,238.5840351,-7.53,-0.848
202,Piani Eterni karst system,425,MN1,274241,88585.83969,228.7028534,234.6869514,-7.58,-1.259
202,Piani Eterni karst system,425,MN1,274242,88628.66427,224.6212164,230.8528771,-7.223,-0.982
202,Piani Eterni karst system,425,MN1,274243,88670.01538,226.6309696,226.7553695,-7.42,-0.887
202,Piani Eterni karst system,425,MN1,274244,88711.41866,222.6573931,224.6678333,-7.08,-1.275
202,Piani Eterni karst system,425,MN1,274245,88753.50175,220.1644626,224.4244187,-7.446,-0.9
202,Piani Eterni karst system,425,MN1,274246,88797.14991,216.6880718,226.5987933,-7.432,-1.03
202,Piani Eterni karst system,425,MN1,274247,88839.88,212.4458975,229.8395859,-7.457,-0.967
202,Piani Eterni karst system,425,MN1,274248,88881.1372,216.8137897,228.8051209,-7.45,-0.67
202,Piani Eterni karst system,425,MN1,274249,88921.47366,220.7689848,228.4765236,-7.424,-0.35
202,Piani Eterni karst system,425,MN1,274250,88961.84325,220.4842139,225.3814485,-7.56,-0.494
202,Piani Eterni karst system,425,MN1,274251,89001.99683,222.9326489,220.5899155,-7.381,-0.674
202,Piani Eterni karst system,425,MN1,274252,89044.55025,223.3348541,218.5559219,-7.497,-0.483
202,Piani Eterni karst system,425,MN1,274253,89086.14636,224.4503795,222.0480609,-7.42,-0.354
202,Piani Eterni karst system,425,MN1,274254,89126.80033,226.5257964,223.3189266,-7.334,-0.539
202,Piani Eterni karst system,425,MN1,274255,89167.9689,228.7547099,227.4641016,-7.285,-0.593
202,Piani Eterni karst system,425,MN1,274256,89209.23736,232.5459778,229.726353,-7.582,-1.102
202,Piani Eterni karst system,425,MN1,274257,89250.73923,236.5249864,233.6426147,-7.45,-0.999
202,Piani Eterni karst system,425,MN1,274258,89292.85789,238.7879974,236.4274689,-7.329,-0.58
202,Piani Eterni karst system,425,MN1,274259,89334.15587,244.0715857,240.3548758,-7.29,-0.649
202,Piani Eterni karst system,425,MN1,274260,89375.75257,251.0658538,243.6595885,-7.31,-0.797
202,Piani Eterni karst system,425,MN1,274261,89415.61174,256.7838517,246.7181396,-7.389,-0.694
202,Piani Eterni karst system,425,MN1,274262,89458.83708,256.6300723,253.0898991,-7.38,-0.534
202,Piani Eterni karst system,425,MN1,274263,89501.16214,265.2512579,259.9929459,-7.385,-0.936
202,Piani Eterni karst system,425,MN1,274264,89542.24192,272.7195816,266.7340943,-7.37,-1.048
202,Piani Eterni karst system,425,MN1,274265,89584.06168,278.1158328,272.0054351,-7.39,-1.222
202,Piani Eterni karst system,425,MN1,274266,89625.94525,284.068919,275.8573063,-7.35,-0.895
202,Piani Eterni karst system,425,MN1,274267,89667.24549,290.6196913,285.1829688,-7.287,-1.243
202,Piani Eterni karst system,425,MN1,274268,89709.08712,298.1991136,290.9807052,-7.49,-0.959
202,Piani Eterni karst system,425,MN1,274269,89749.33186,308.91076,297.1059532,-7.474,-0.848
202,Piani Eterni karst system,425,MN1,274270,89790.43883,319.8482558,304.8390571,-7.24,-0.596
202,Piani Eterni karst system,425,MN1,274271,89814.15943,314.9996418,294.2268584,-7.31,-0.745
202,Piani Eterni karst system,425,MN1,274272,89841.40191,311.3408963,291.900797,-7.377,-1.006
202,Piani Eterni karst system,425,MN1,274273,89866.34119,313.1008859,290.4742317,-7.17,-0.798
202,Piani Eterni karst system,425,MN1,274274,89895.57663,307.7503627,292.8314693,-7.24,-0.543
202,Piani Eterni karst system,425,MN1,274275,89923.45893,314.635046,296.5312922,-7.27,-0.778
202,Piani Eterni karst system,425,MN1,274276,89950.12489,315.6759688,305.0307398,-7.15,-0.748
202,Piani Eterni karst system,425,MN1,274277,89974.36014,315.1763421,315.6160263,-7.34,-0.78
202,Piani Eterni karst system,425,MN1,274278,90000.42978,328.896266,326.8321523,-7.326,-1.202
202,Piani Eterni karst system,425,MN1,274279,90024.43455,346.2012935,336.4625909,-7.203,-0.852
202,Piani Eterni karst system,425,MN1,274280,90046.6596,375.1765994,351.0264085,-7.326,-1.22
202,Piani Eterni karst system,425,MN1,274281,90069.8399,399.2603712,363.5832577,-7.25,-1.13
202,Piani Eterni karst system,425,MN1,274282,90092.8358,427.9910399,376.2278124,-7.355,-1.233
202,Piani Eterni karst system,425,MN1,274283,90115.81082,457.7715483,387.1894574,-7.589,-2.081
202,Piani Eterni karst system,425,MN1,274284,90135.33988,496.8317005,398.9463086,-7.2,-0.781
202,Piani Eterni karst system,425,MN1,274285,90165.52504,476.6566534,381.9785872,-7.29,-1.078
202,Piani Eterni karst system,425,MN1,274286,90197.40212,453.4966986,367.5635965,-7.23,-1.011
202,Piani Eterni karst system,425,MN1,274287,90228.23675,431.981373,353.2277733,-7.098,-0.981
202,Piani Eterni karst system,425,MN1,274288,90258.93025,414.8005899,339.5062247,-7.28,-1.33
202,Piani Eterni karst system,425,MN1,274289,90288.08071,398.1469355,326.201791,-7.2,-1.193
202,Piani Eterni karst system,425,MN1,274290,90318.45946,378.1757706,314.134446,-7.428,-0.868
202,Piani Eterni karst system,425,MN1,274291,90348.82234,361.4677415,304.9098568,-7.161,-0.581
202,Piani Eterni karst system,425,MN1,274292,90379.74486,343.6349158,294.8578548,-7.044,-0.565
202,Piani Eterni karst system,425,MN1,274293,90411.27476,333.0304785,286.0495143,-6.96,-0.562
202,Piani Eterni karst system,425,MN1,274294,90443.06968,319.9860869,285.2560911,-7.13,-0.711
202,Piani Eterni karst system,425,MN1,274295,90473.64977,308.2952003,283.0544033,-7.1,-1.167
202,Piani Eterni karst system,425,MN1,274296,90506.72982,294.5857689,277.3709459,-7.33,-1.666
202,Piani Eterni karst system,425,MN1,274297,90538.52356,284.8748712,274.1382975,-7.186,-1.154
202,Piani Eterni karst system,425,MN1,274298,90568.43502,279.1268832,268.4013976,-7.036,-1.043
202,Piani Eterni karst system,425,MN1,274299,90600.77286,269.5336499,273.0958866,-6.98,-1.812
202,Piani Eterni karst system,425,MN1,274300,90632.08666,261.5878569,279.6266873,-6.89,-1.457
202,Piani Eterni karst system,425,MN1,274301,90666.60057,253.0415148,287.5150438,-7.083,-2.346
202,Piani Eterni karst system,425,MN1,274302,90699.42014,247.4897395,293.0970046,-7.174,-2.456
202,Piani Eterni karst system,425,MN1,274303,90730.90313,244.6521566,297.2058534,-7.054,-1.647
202,Piani Eterni karst system,425,MN1,274304,90761.30194,244.0915368,304.1533886,-6.94,-1.031
202,Piani Eterni karst system,425,MN1,274305,90889.3069,261.9250842,356.7845647,-7.006,-1.499
202,Piani Eterni karst system,425,MN1,274306,90897.03407,255.7303504,339.9553998,-6.88,-1.559
202,Piani Eterni karst system,425,MN1,274307,90906.33304,251.7321405,326.4826813,-6.99,-1.606
202,Piani Eterni karst system,425,MN1,274308,90913.28609,248.0114561,312.4439099,-6.874,-1.08
202,Piani Eterni karst system,425,MN1,274309,90921.11136,245.4721551,300.1669897,-6.795,-1.366
202,Piani Eterni karst system,425,MN1,274310,90928.62432,243.0664912,286.2606631,-7.049,-1.146
202,Piani Eterni karst system,425,MN1,274311,90938.45386,237.8484535,276.399958,-6.89,-1.14
202,Piani Eterni karst system,425,MN1,274312,90947.43662,233.7245001,265.9212264,-7.27,-1.141
202,Piani Eterni karst system,425,MN1,274313,90956.97897,231.3880688,253.4069574,-7.42,-1.064
202,Piani Eterni karst system,425,MN1,274314,90965.4431,230.9561213,246.6988044,-7.121,-0.732
202,Piani Eterni karst system,425,MN1,274315,90975.16712,224.8271857,238.8129462,-7.092,-0.793
202,Piani Eterni karst system,425,MN1,274316,90985.5645,221.5312369,232.7406617,-7.08,-0.541
202,Piani Eterni karst system,425,MN1,274317,90994.15972,219.4738748,222.8697532,-7.06,-0.143
202,Piani Eterni karst system,425,MN1,274318,91005.87587,215.9469654,219.9623496,-6.86,-0.422
202,Piani Eterni karst system,425,MN1,274319,91015.33127,213.8557967,218.5348057,-6.878,-0.335
202,Piani Eterni karst system,425,MN1,274320,91024.1481,213.7718277,215.7715465,-6.763,-0.397
202,Piani Eterni karst system,425,MN1,274321,91034.77438,213.7192139,215.4043404,-6.744,-0.121
202,Piani Eterni karst system,425,MN1,274322,91044.8939,216.0928813,215.3182632,-6.75,-0.569
202,Piani Eterni karst system,425,MN1,274323,91054.20157,216.2086883,215.6850827,-6.6548,-0.425
202,Piani Eterni karst system,425,MN1,274324,91064.98077,217.0972152,218.1241498,-6.609536,-0.44
202,Piani Eterni karst system,425,MN1,274325,91117.51087,201.6728798,203.2623983,-6.78272,-0.506
202,Piani Eterni karst system,425,MN1,274326,91170.61957,196.8220466,198.8951424,-6.6794,-0.557
202,Piani Eterni karst system,425,MN1,274327,91225.3776,206.1333156,195.4397804,-6.651848,-0.519
202,Piani Eterni karst system,425,MN1,274328,91275.85141,227.1602977,206.5183708,-6.662672,-0.707
202,Piani Eterni karst system,425,MN1,274329,91326.88037,265.0721554,224.9080567,-6.764024,-0.65
202,Piani Eterni karst system,425,MN1,274330,91376.3598,303.2077212,255.7983774,-6.63512,-0.529
202,Piani Eterni karst system,425,MN1,274331,91423.12584,355.7940884,285.3398536,-6.702032,-0.621
202,Piani Eterni karst system,425,MN1,274332,91475.58425,393.520903,321.0830702,-6.768944,-0.525
202,Piani Eterni karst system,425,MN1,274333,91503.11973,381.7095486,305.1786097,-6.700064,-0.469
202,Piani Eterni karst system,425,MN1,274334,91533.65914,363.7094099,293.6079297,-6.72368,-0.821
202,Piani Eterni karst system,425,MN1,274335,91561.4679,349.0026331,277.4328825,-6.82208,-0.959
202,Piani Eterni karst system,425,MN1,274336,91590.98401,333.8903976,263.8816969,-6.663656,-1.032
202,Piani Eterni karst system,425,MN1,274337,91618.44635,319.8178157,252.265488,-6.751232,-0.723
202,Piani Eterni karst system,425,MN1,274338,91648.37096,305.4599696,245.6042939,-6.66464,-1.106
202,Piani Eterni karst system,425,MN1,274339,91677.93822,295.304446,240.3281562,-6.717776,-0.889
202,Piani Eterni karst system,425,MN1,274340,91706.51341,282.4596471,234.7717927,-6.573128,-1.207
202,Piani Eterni karst system,425,MN1,274341,91736.37948,271.0014503,233.3352042,-6.62528,-1.086
202,Piani Eterni karst system,425,MN1,274342,91768.26992,261.3130147,235.4967447,-6.51704,-1.195
202,Piani Eterni karst system,425,MN1,274343,91798.13708,251.5636624,236.8499916,-6.59576,-1.971
202,Piani Eterni karst system,425,MN1,274344,91826.13122,249.3659804,235.9120524,-6.57116,-1.865
202,Piani Eterni karst system,425,MN1,274345,91857.45941,247.4581519,240.2155212,-6.5072,-0.998
202,Piani Eterni karst system,425,MN1,274346,91888.7724,242.3816317,253.4356879,-6.493424,-0.7
202,Piani Eterni karst system,425,MN1,274347,91917.81099,245.5915798,258.5796708,-6.442256,-0.79
202,Piani Eterni karst system,425,MN1,274348,91944.79638,251.6458294,262.4332854,-6.44324,-0.512
202,Piani Eterni karst system,425,MN1,274349,91972.06206,253.5923869,272.3858411,-6.64496,-1.325
202,Piani Eterni karst system,425,MN1,274350,92000.86139,260.4352707,284.9018886,-6.499328,-0.873
202,Piani Eterni karst system,425,MN1,274351,92032.81536,267.3828869,297.7524607,-6.720728,-1.246
202,Piani Eterni karst system,425,MN1,274352,92061.33498,279.345595,306.7880645,-6.365504,-0.843
202,Piani Eterni karst system,425,MN1,274353,92089.5751,294.0963644,317.0976203,-6.601664,-0.686
202,Piani Eterni karst system,425,MN1,274354,92119.24219,302.2323003,330.5680302,-6.591824,-0.696
202,Piani Eterni karst system,425,MN1,274355,92219.58998,288.5993682,307.5591877,-6.54656,-1.039
202,Piani Eterni karst system,425,MN1,274356,92323.35622,269.8423387,290.9588745,-6.5072,-0.703
202,Piani Eterni karst system,425,MN1,274357,92427.32129,254.3660516,274.8476391,-6.69416,-1.242
202,Piani Eterni karst system,425,MN1,274358,92532.9246,237.903635,258.0451376,-6.47768,-1.236
202,Piani Eterni karst system,425,MN1,274359,92635.65097,224.7244881,237.378809,-6.533768,-0.654
202,Piani Eterni karst system,425,MN1,274360,92736.94948,212.3926667,217.8128064,-6.682352,-1.082
202,Piani Eterni karst system,425,MN1,274361,92842.02955,199.4063932,207.4027539,-6.714824,-0.82
202,Piani Eterni karst system,425,MN1,274362,92944.45101,193.5941498,193.520953,-6.783704,-1.089
202,Piani Eterni karst system,425,MN1,274363,93047.93436,186.6605797,188.3130123,-6.604616,-0.68
202,Piani Eterni karst system,425,MN1,274364,93151.99623,180.4964413,183.3063813,-6.73352,-0.564
202,Piani Eterni karst system,425,MN1,274365,93256.14363,179.6534587,181.8559355,-6.76304,-0.704
202,Piani Eterni karst system,425,MN1,274366,93361.25176,177.5436687,185.6436072,-6.7532,-0.874
202,Piani Eterni karst system,425,MN1,274367,93466.0834,177.5825894,197.41814,-6.76304,-0.94
202,Piani Eterni karst system,425,MN1,274368,93571.08577,183.4009582,208.3021529,-6.78764,-0.841
202,Piani Eterni karst system,425,MN1,274369,93675.81791,188.8832311,220.3017188,-6.57608,-0.71
202,Piani Eterni karst system,425,MN1,274370,93779.44333,198.343618,231.8215068,-6.7532,-0.901
202,Piani Eterni karst system,425,MN1,274371,93883.77617,206.6077964,245.4959263,-6.52688,-0.473
202,Piani Eterni karst system,425,MN1,274372,93897.63724,200.5077233,232.727893,-6.61544,-0.541
202,Piani Eterni karst system,425,MN1,274373,93911.3005,199.3177372,218.3764409,-6.457016,-1.037
202,Piani Eterni karst system,425,MN1,274374,93925.27197,194.2253194,208.3424715,-6.430448,-0.929
202,Piani Eterni karst system,425,MN1,274375,93941.15472,186.8838308,201.9578501,-6.432416,-0.685
202,Piani Eterni karst system,425,MN1,274376,93953.77163,191.3266744,195.3557299,-6.371408,-1.452
202,Piani Eterni karst system,425,MN1,274377,93969.25368,192.4533465,193.9754857,-6.29072,-1.604
202,Piani Eterni karst system,425,MN1,274378,93985.78993,193.8796969,198.6593119,-6.480632,-0.799
202,Piani Eterni karst system,425,MN1,274379,94000.3975,200.4216137,201.9091644,-6.52688,-1.561
202,Piani Eterni karst system,425,MN1,274380,94013.9898,207.6550943,201.6079771,-6.458,-1.456
202,Piani Eterni karst system,425,MN1,274381,94028.7607,214.7522067,207.4820964,-6.301544,-2.18
202,Piani Eterni karst system,425,MN1,274382,94041.67365,224.4207801,209.7279849,-6.63512,-2.028
202,Piani Eterni karst system,425,MN1,274383,94062.91018,220.8813918,203.31133,-6.516056,-1.873
202,Piani Eterni karst system,425,MN1,274384,94085.65801,214.3666117,200.7552788,-6.3104,-1.539
202,Piani Eterni karst system,425,MN1,274385,94107.34844,209.3838545,197.2079596,-6.5072,-1.4
202,Piani Eterni karst system,425,MN1,274386,94129.81877,204.1363229,195.3611142,-6.498344,-2.093
202,Piani Eterni karst system,425,MN1,274387,94152.35059,200.0723008,192.4705414,-6.62036,-2.107
202,Piani Eterni karst system,425,MN1,274388,94174.13863,193.9079854,189.7066708,-6.42356,-2.495
202,Piani Eterni karst system,425,MN1,274389,94194.94701,193.5309233,188.732041,-6.452096,-2.483
202,Piani Eterni karst system,425,MN1,274390,94216.02575,195.6303618,186.7371366,-6.77288,-3.874
202,Piani Eterni karst system,425,MN1,274391,94239.37491,192.0282358,187.1760731,-6.458984,-2.746
202,Piani Eterni karst system,425,MN1,274392,94261.4095,192.1472952,185.9981066,-6.47276,-2.817
202,Piani Eterni karst system,425,MN1,274393,94282.14064,190.8137145,183.8100619,-6.115568,-0.573
202,Piani Eterni karst system,425,MN1,274394,94303.81946,191.719756,185.5581877,-6.503264,-1.484
202,Piani Eterni karst system,425,MN1,274395,94325.99006,192.0192934,186.7226597,-6.6548,-1.04
202,Piani Eterni karst system,425,MN1,274396,94346.83768,192.9556579,186.6487935,-6.642992,-1.486
202,Piani Eterni karst system,425,MN1,274397,94368.74242,195.8363359,187.1993719,-6.826016,-2.131
202,Piani Eterni karst system,425,MN1,274398,94390.90116,198.337529,189.7185723,-6.78272,-1.896
202,Piani Eterni karst system,425,MN1,274399,94413.33227,197.9937683,194.2352413,-7.02872,-1.57
202,Piani Eterni karst system,425,MN1,274400,94434.58531,201.118737,198.7376645,-6.61544,-1.482
202,Piani Eterni karst system,425,MN1,274401,94455.94224,207.4448643,202.6255321,-6.500312,-2.157
202,Piani Eterni karst system,425,MN1,274402,94478.02778,212.8958791,208.7461065,-6.48752,-1.851
202,Piani Eterni karst system,425,MN1,274403,94501.07466,217.5540598,214.5691455,-6.458984,-1.062
202,Piani Eterni karst system,425,MN1,274404,94524.38848,224.9998702,221.7798771,-6.25136,-1
202,Piani Eterni karst system,425,MN1,274405,94547.19472,227.7592982,230.3929987,-6.3596,-1.26
202,Piani Eterni karst system,425,MN1,274406,94568.76968,234.0302247,237.6442596,-6.67448,-2.566
202,Piani Eterni karst system,425,MN1,274407,94590.76237,243.1132595,245.4675749,-6.52688,-2.33
202,Piani Eterni karst system,425,MN1,274408,94613.89925,249.540371,256.0935622,-6.67448,-2.49
202,Piani Eterni karst system,425,MN1,274409,94635.75266,257.2869378,263.3387554,-6.93032,-3.054
202,Piani Eterni karst system,425,MN1,274410,94657.8915,261.0346527,269.4815806,-6.636104,-2.779
202,Piani Eterni karst system,425,MN1,274411,94679.95262,266.217917,276.8719295,-6.396992,-2.289
202,Piani Eterni karst system,425,MN1,274412,94701.85304,272.1672835,282.3620667,-7.057256,-4.193
202,Piani Eterni karst system,425,MN1,274413,94721.26629,280.5640518,290.0648939,-6.738,-3.319
202,Piani Eterni karst system,425,MN1,274414,94743.88263,286.4757944,298.7741518,-6.544592,-2.563
202,Piani Eterni karst system,425,MN1,274415,94767.21016,293.5583476,308.4902368,-6.48752,-1.665
202,Piani Eterni karst system,425,MN1,274416,94789.75872,300.8461502,313.351507,-6.52688,-1.455
202,Piani Eterni karst system,425,MN1,274417,94812.13637,307.1524674,318.0493352,-6.575096,-1.746
202,Piani Eterni karst system,425,MN1,274418,94834.61734,313.4797305,327.746682,-6.64496,-1.75
202,Piani Eterni karst system,425,MN1,274419,94856.22053,319.2804912,337.7623048,-6.703016,-1.606
202,Piani Eterni karst system,425,MN1,274420,94877.32537,327.4394777,347.8828778,-6.741392,-1.401
202,Piani Eterni karst system,425,MN1,274421,94899.6976,336.9779053,361.1339052,-6.7532,-1.527
202,Piani Eterni karst system,425,MN1,274422,94923.46768,345.6190854,370.2292148,-6.451112,-1.405
202,Piani Eterni karst system,425,MN1,274423,94997.17376,334.320256,355.7183339,-6.58592,-1.718
202,Piani Eterni karst system,425,MN1,274424,95072.31072,321.3701793,346.0637798,-6.463,-2.003
202,Piani Eterni karst system,425,MN1,274425,95147.1851,312.1157981,333.9276515,-6.80732,-1.372
202,Piani Eterni karst system,425,MN1,274426,95220.4557,306.8714703,325.9493571,-6.668576,-1.284
202,Piani Eterni karst system,425,MN1,274427,95293.85522,297.8717598,312.929067,-7.01888,-1.441
202,Piani Eterni karst system,425,MN1,274428,95369.08295,288.0500013,309.1876711,-7.04,-0.889
202,Piani Eterni karst system,425,MN1,274429,95441.4641,283.7364439,296.8667383,-7.133,-1.06
202,Piani Eterni karst system,425,MN1,274430,95517.10344,274.6542536,289.3205469,-7.29,-1.2902
202,Piani Eterni karst system,425,MN1,274431,95591.45096,273.4562506,282.0952572,-7.115,-1.438
202,Piani Eterni karst system,425,MN1,274432,95666.13119,270.0985345,277.4980606,-7.287,-1.863
202,Piani Eterni karst system,425,MN1,274433,95740.51423,270.1023375,273.7970656,-7.524,-1.016
202,Piani Eterni karst system,425,MN1,274434,95812.83576,272.7446051,270.1924461,-7.716,-1.923
202,Piani Eterni karst system,425,MN1,274435,95887.45786,275.5269207,268.5616188,-7.938,-2.77
202,Piani Eterni karst system,425,MN1,274436,95961.69522,277.705409,269.8165908,-7.27,-1.472
202,Piani Eterni karst system,425,MN1,274437,96036.4545,278.9796624,275.0895383,-7.25,-1.755
202,Piani Eterni karst system,425,MN1,274438,96110.18644,284.2430724,273.9968268,-7.34,-1.349
202,Piani Eterni karst system,425,MN1,274439,96183.63975,293.8555425,276.3356134,-6.88,-1.794
202,Piani Eterni karst system,425,MN1,274440,96258.96404,296.9935057,278.6121638,-6.626,-1.927
202,Piani Eterni karst system,425,MN1,274441,96335.38139,305.3825679,287.7860689,-6.785,-1.474
202,Piani Eterni karst system,425,MN1,274442,96410.28807,318.4488532,304.0878413,-6.779,-1.673
202,Piani Eterni karst system,425,MN1,274443,96484.69918,333.2449341,313.0464507,-6.753,-1.208
202,Piani Eterni karst system,425,MN1,274444,96561.08054,346.2067468,326.2738637,-6.673,-1.625
202,Piani Eterni karst system,425,MN1,274445,96635.46949,359.9978817,338.4925171,-7.019,-1.072
202,Piani Eterni karst system,425,MN1,274446,96712.14376,370.9500334,350.0752216,-6.904,-0.946
202,Piani Eterni karst system,425,MN1,274447,96788.09614,384.5117631,361.7011923,-6.89,-0.974
202,Piani Eterni karst system,425,MN1,274448,96861.38249,398.3506641,375.452839,-6.735,-0.602
202,Piani Eterni karst system,425,MN1,274449,97009.13025,351.8890769,322.4970392,-7.032,-1.283
202,Piani Eterni karst system,425,MN1,274450,97162.71643,313.5638168,300.2528061,-7.2,-1.64
202,Piani Eterni karst system,425,MN1,274451,97316.17346,297.3328901,305.8211829,-7.43,-1.92
202,Piani Eterni karst system,425,MN1,274452,97465.82051,320.8144368,320.4592789,-7.02,-2.201
202,Piani Eterni karst system,425,MN1,274453,97616.18309,359.8976014,368.6248007,-6.577,-1.549
202,Piani Eterni karst system,425,MN1,274454,97769.75447,410.8662168,430.343985,-6.84,-1.941
202,Piani Eterni karst system,425,MN1,274455,97924.56684,466.6999068,500.4247707,-7.265,-2.207
202,Piani Eterni karst system,425,MN1,274456,97958.36183,462.4881816,493.5810951,-7.11,-2.69
202,Piani Eterni karst system,425,MN1,274457,97992.91638,457.24703,488.9809079,-7.115,-1.885
202,Piani Eterni karst system,425,MN1,274458,98025.85908,444.6307291,483.5663314,-7.035,-1.702
202,Piani Eterni karst system,425,MN1,274459,98057.91113,442.8136105,475.6872399,-7.36,-3.82
202,Piani Eterni karst system,425,MN1,274460,98091.70856,444.2662,469.9670992,-7.36,-3.831
202,Piani Eterni karst system,425,MN1,274461,98123.92921,444.2222465,466.1775382,-6.956,-2.665
202,Piani Eterni karst system,425,MN1,274462,98157.83481,445.0005715,461.4148112,-6.909,-2.223
202,Piani Eterni karst system,425,MN1,274463,98192.07771,439.4878423,456.9364089,-7.079,-1.847
202,Piani Eterni karst system,425,MN1,274464,98224.83109,440.0695209,453.2126165,-6.88,-1.092
202,Piani Eterni karst system,425,MN1,274465,98258.49351,438.6500267,452.4974415,-7.103,-1.233
202,Piani Eterni karst system,425,MN1,274466,98293.52109,433.9508188,447.2437768,-7.01,-1.679
202,Piani Eterni karst system,425,MN1,274467,98329.47334,430.3650759,449.1399909,-7.03,-1.294
202,Piani Eterni karst system,425,MN1,274468,98362.85775,423.8098309,438.5274955,-7.16,-1.386
202,Piani Eterni karst system,425,MN1,274469,98396.90429,421.6870306,432.4754361,-6.996,-0.084
202,Piani Eterni karst system,425,MN1,274470,98432.22353,416.9380089,434.3383584,-7.01,-0.392
202,Piani Eterni karst system,425,MN1,274471,98468.4839,414.6480329,432.7501819,-6.95,-0.23
202,Piani Eterni karst system,425,MN1,274472,98503.30417,407.1270204,433.7218198,-7.022,-0.07
202,Piani Eterni karst system,425,MN1,274473,98537.80508,405.4773763,430.4383617,-7.289,-0.103
202,Piani Eterni karst system,425,MN1,274474,98574.7273,402.6484044,432.0696813,-7.246,-0.293
202,Piani Eterni karst system,425,MN1,274475,98608.83359,401.4433274,431.9684093,-7.259,-0.637
202,Piani Eterni karst system,425,MN1,274476,98641.83329,409.2488142,432.3556398,-7.251,-0.825
202,Piani Eterni karst system,425,MN1,274477,98674.69706,410.4490986,430.2220888,-7.357,-1.501
202,Piani Eterni karst system,425,MN1,274478,98708.6178,413.3668952,429.5521967,-7.544,-1.256
202,Piani Eterni karst system,425,MN1,274479,98742.80154,419.4279683,424.9066518,-7.434,-1.937
202,Piani Eterni karst system,425,MN1,274480,98776.82487,418.7812937,428.2006595,-7.41,-1.745
202,Piani Eterni karst system,425,MN1,274481,98811.85124,422.394955,431.5436404,-7.57,-2.03
202,Piani Eterni karst system,425,MN1,274482,98845.87673,420.3343072,433.4613883,-7.2,-0.924
202,Piani Eterni karst system,425,MN1,274483,98876.96806,426.6057764,434.9473472,-7.07,-1.15
202,Piani Eterni karst system,425,MN1,274484,98909.69872,428.222106,437.6450607,-7.25,-1.55
202,Piani Eterni karst system,425,MN1,274485,98945.56689,430.2655495,446.0928216,-6.835,-1.135
202,Piani Eterni karst system,425,MN1,274486,98982.02659,434.2159982,454.3491894,-7.17,-0.72
202,Piani Eterni karst system,425,MN1,274487,99017.52266,431.9071584,460.4192459,-6.953,-0.642
202,Piani Eterni karst system,425,MN1,274488,99052.26844,432.9450604,464.8953059,-6.91,-0.778
202,Piani Eterni karst system,425,MN1,274489,99086.41003,441.3406416,470.4112563,-6.743,-1.387
202,Piani Eterni karst system,425,MN1,274490,99121.88545,447.0697201,474.5409595,-7.14,-2.611
202,Piani Eterni karst system,425,MN1,274491,99226.87912,462.3133533,494.3656582,-7.25,-3.345
202,Piani Eterni karst system,425,MN1,274492,99261.64567,469.290039,498.641817,-7.05,-3.583
202,Piani Eterni karst system,425,MN1,274493,99294.99597,478.7681692,504.174507,-7.25,-3.313
202,Piani Eterni karst system,425,MN1,274494,99328.34916,486.4380381,510.4249512,-7.08,-3.436
202,Piani Eterni karst system,425,MN1,274495,99361.22158,495.2587044,514.6926002,-7.285,-4.515
202,Piani Eterni karst system,425,MN1,274496,99397.63439,497.3541785,523.5211898,-7.03,-2.085
202,Piani Eterni karst system,425,MN1,274497,99432.3893,505.9337648,531.0615039,-7.04,-1.017
202,Piani Eterni karst system,425,MN1,274498,99467.5103,509.758484,537.8089102,-7.399,-3.631
202,Piani Eterni karst system,425,MN1,274499,99500.07041,521.8583742,541.1483315,-6.893,-3.1706
202,Piani Eterni karst system,425,MN1,274500,99534.16992,528.3004291,545.686938,-7.25,-3.154
202,Piani Eterni karst system,425,MN1,274501,99568.51718,538.4167755,555.2700165,-7.289,-1.107
202,Piani Eterni karst system,425,MN1,274502,99602.05158,553.8984544,559.3615407,-7.498,-1.141
202,Piani Eterni karst system,425,MN1,274503,99635.63203,558.1918672,565.7713036,-7.346,-1.062
202,Piani Eterni karst system,425,MN1,274504,99669.00932,576.4620798,571.1592623,-7.246,-0.923
202,Piani Eterni karst system,425,MN1,274505,99701.0489,587.5322524,579.1394025,-7.13,-1.465
202,Piani Eterni karst system,425,MN1,274506,99735.65256,594.1164754,587.2356604,-7.165,-1.148
202,Piani Eterni karst system,425,MN1,274507,99768.08461,605.6256084,588.5886461,-7.0658,-1.1949
202,Piani Eterni karst system,425,MN1,274508,99802.34564,617.7290147,597.3581527,-7.14,-1.87
202,Piani Eterni karst system,425,MN1,274509,99836.07355,628.9774352,608.580818,-7.34,-2.295
202,Piani Eterni karst system,425,MN1,274510,99869.90936,641.2920945,615.1127722,-7.496,-1.394
202,Piani Eterni karst system,425,MN1,274511,99902.13495,648.76201,627.4418602,-7.207,-1.31
202,Piani Eterni karst system,425,MN1,274512,99937.90404,652.9980679,636.5626434,-7.33,-1.206
202,Piani Eterni karst system,425,MN1,274513,99971.18457,660.6812595,644.3632619,-7.23,-1.731
202,Piani Eterni karst system,425,MN1,274514,100005.3607,669.1877726,651.6226101,-7.486,-1.799
202,Piani Eterni karst system,425,MN1,274515,100039.8742,681.0320939,662.700755,-7.421,-2.07
202,Piani Eterni karst system,425,MN1,274516,100074.5366,688.6745737,674.8599198,-7.382,-1.346
202,Piani Eterni karst system,425,MN1,274517,100110.0014,696.3562128,687.0928007,-7.2,-0.782
202,Piani Eterni karst system,425,MN1,274518,100143.9014,704.1801246,700.836003,-7.448,-1.129
202,Piani Eterni karst system,425,MN1,274519,100178.8262,710.2122658,714.8398697,-7.242,-1.385
202,Piani Eterni karst system,425,MN1,274520,100215.104,714.8329324,727.5269496,-7.31,-1.465
202,Piani Eterni karst system,425,MN1,274521,100252.0488,719.4401154,738.6833432,-7.85,-2.506
202,Piani Eterni karst system,425,MN1,274522,100285.1488,731.4153778,748.3846241,-7.621,-1.298
202,Piani Eterni karst system,425,MN1,274523,100319.6103,745.1258591,762.218312,-7.66,-1.628
202,Piani Eterni karst system,425,MN1,274524,100354.9835,750.952006,772.7230319,-7.57,-1.852
202,Piani Eterni karst system,425,MN1,274525,100389.282,760.8645978,783.5677023,-7.89,-2.54
202,Piani Eterni karst system,425,MN1,274526,100423.8326,771.8295531,794.4813181,-7.78,-2.822
202,Piani Eterni karst system,425,MN1,274527,100457.4672,781.5729317,805.4914872,-7.89,-2.728
202,Piani Eterni karst system,425,MN1,274528,100491.9604,792.4041079,813.1051223,-7.61,-1.773
202,Piani Eterni karst system,425,MN1,274529,100526.4977,800.8608187,825.3775647,-7.7,-1.34
202,Piani Eterni karst system,425,MN1,274530,100557.7361,811.6010988,831.8465073,-7.578,-1.229
202,Piani Eterni karst system,425,MN1,274531,100592.0737,820.7355605,844.4274166,-7.38,-1.389
202,Piani Eterni karst system,425,MN1,274532,100626.6431,829.4231215,858.9074253,-6.59,-1.428
202,Piani Eterni karst system,425,MN1,274533,100683.3158,805.8528307,839.0559533,-7.89870986099,-1.69535345633
202,Piani Eterni karst system,425,MN1,274534,100740.9926,783.9132142,818.7446987,-8.03163377347,-1.83981531521
202,Piani Eterni karst system,425,MN1,274535,100795.9274,764.8820836,799.2183383,-7.97655562461,-2.29581814121
202,Piani Eterni karst system,425,MN1,274536,100851.6203,746.3394585,775.9787112,-8.16783020268,-2.86079813496
202,Piani Eterni karst system,425,MN1,274537,100908.8318,726.4629712,754.1101168,-7.98683784026,-3.00431600339
202,Piani Eterni karst system,425,MN1,274538,100965.3616,708.3028034,734.3154975,-7.51835724937,-1.25486639833
202,Piani Eterni karst system,425,MN1,274539,101020.0045,691.9023715,713.185463,-7.57058714934,-1.7434375571
202,Piani Eterni karst system,425,MN1,274540,101076.9541,670.5507232,689.472772,-7.54429529449,-2.55013498867
202,Piani Eterni karst system,425,MN1,274541,101132.4209,653.9059703,666.52578,-7.58330171992,-2.8452281315
202,Piani Eterni karst system,425,MN1,274542,101188.8387,634.5622842,645.7674884,-7.88670726258,-2.92723669979
202,Piani Eterni karst system,425,MN1,274543,101244.8293,616.1717572,623.9262973,-7.68402615088,-1.79098044848
202,Piani Eterni karst system,425,MN1,274544,101301.1199,597.8152439,606.4141132,-7.65993165195,-3.20048823093
202,Piani Eterni karst system,425,MN1,274545,101357.1099,579.494471,582.8646914,-7.53985022237,-2.20206003281
202,Piani Eterni karst system,425,MN1,274546,101413.4583,561.4558436,563.070005,-7.62354012318,-2.5780819941
202,Piani Eterni karst system,425,MN1,274547,101470.4365,541.337978,540.6008407,-7.90190352293,-2.5479554931
202,Piani Eterni karst system,425,MN1,274548,101528.5619,521.6605298,519.8453587,-7.52597295608,-1.71651660267
202,Piani Eterni karst system,425,MN1,274549,101583.2309,504.5601601,499.3449055,-7.56245283682,-1.76920622818
202,Piani Eterni karst system,425,MN1,274550,101641.1653,484.719905,477.0233049,-7.632231601,-2.4728455776
202,Piani Eterni karst system,425,MN1,274551,101697.3096,468.9426113,453.9893955,-7.32533377201,-1.68268464617
202,Piani Eterni karst system,425,MN1,274552,101755.805,450.1694285,434.8905088,-7.22783515106,-1.75209788854
202,Piani Eterni karst system,425,MN1,274553,101813.3563,434.3983233,417.8138664,-7.27818324793,-2.07259383633
202,Piani Eterni karst system,425,MN1,274554,101870.6502,414.2852939,403.1755476,-7.29293740065,-2.14129271924
202,Piani Eterni karst system,425,MN1,274555,101927.7841,396.6590739,386.5544681,-7.53512123297,-0.773018336907
202,Piani Eterni karst system,425,MN1,274556,101983.3111,377.1397915,367.2003819,-7.50205594476,-1.97800532867
202,Piani Eterni karst system,425,MN1,274557,102039.7008,362.7362569,344.5063635,-7.40553946612,-2.57168406562
202,Piani Eterni karst system,425,MN1,274558,102099.9388,343.5563947,330.7339705,-7.52295841437,-2.73284972875
202,Piani Eterni karst system,425,MN1,274559,102155.197,328.9633989,316.9075166,-7.34532886997,-2.54663045068
202,Piani Eterni karst system,425,MN1,274560,102212.2592,311.1491573,304.1044265,-7.77994218627,-3.66444197728
202,Piani Eterni karst system,425,MN1,274561,102267.1818,298.9614397,292.3426214,-7.57182021712,-2.84005990098
202,Piani Eterni karst system,425,MN1,274562,102322.1185,290.3866447,278.8630164,-7.45130406474,-3.47128771519
202,Piani Eterni karst system,425,MN1,274563,102382.0315,282.1620384,271.8421561,-7.6763843904,-3.6266391817
202,Piani Eterni karst system,425,MN1,274564,102439.0751,271.8530588,264.4380627,-7.55325256447,-3.82881039936
202,Piani Eterni karst system,425,MN1,274565,102495.5168,262.7452568,259.2755187,-7.7984229095,-4.07408189229
202,Piani Eterni karst system,425,MN1,274566,102551.0014,256.8259794,251.143458,-7.88088767506,-4.37022788037
202,Piani Eterni karst system,425,MN1,274567,102605.0473,256.0377543,252.2231629,-7.76809119241,-3.84814066169
202,Piani Eterni karst system,425,MN1,274568,102663.1806,249.188683,255.9148554,-7.88002254838,-3.96248143849
202,Piani Eterni karst system,425,MN1,274569,102720.9531,249.2775512,259.6180399,-7.60224744751,-3.52201238034
202,Piani Eterni karst system,425,MN1,274570,102778.002,249.6459556,265.2103636,-7.97486836564,-3.91484216796
202,Piani Eterni karst system,425,MN1,274571,102838.9854,252.7353081,272.4519553,-7.73590430212,-1.92753392629
202,Piani Eterni karst system,425,MN1,274572,102898.7978,258.8697952,279.0127379,-7.96555318849,-2.25172182727
202,Piani Eterni karst system,425,MN1,274573,102915.333,255.7827468,273.6040454,-7.76319300529,-4.04312189746
202,Piani Eterni karst system,425,MN1,274574,102931.234,252.8222072,263.206715,-7.96791658598,-2.09919088438
202,Piani Eterni karst system,425,MN1,274575,102946.3879,249.2153252,255.9541469,-7.60166921939,-1.88292560598
202,Piani Eterni karst system,425,MN1,274576,102963.9536,247.6694188,250.5055605,-8.10252430721,-2.44043005436
202,Piani Eterni karst system,425,MN1,274577,102981.0632,246.5893955,251.4198977,-7.80795244055,-1.96125966739
202,Piani Eterni karst system,425,MN1,274578,103001.9061,244.99022,253.9409544,-7.77191462102,-1.74592220676
202,Piani Eterni karst system,425,MN1,274579,103020.308,245.1083493,254.0362341,-7.74049646717,-1.67291429401
202,Piani Eterni karst system,425,MN1,274580,103035.94,252.9926552,259.3801083,-7.6129208925,-2.4840495821
202,Piani Eterni karst system,425,MN1,274581,103050.2308,265.207955,259.765353,-7.58971995024,-2.18324758401
202,Piani Eterni karst system,425,MN1,274582,103066.3802,277.4060231,261.7636754,-7.5897970523,-1.72515285678
202,Piani Eterni karst system,425,MN1,274583,103084.8449,282.6255543,266.0499829,-7.62258088781,-3.07048867627
202,Piani Eterni karst system,425,MN1,274584,103099.9405,296.5587863,271.8603935,-8.0185743147,-4.23627502564
202,Piani Eterni karst system,425,MN1,274585,103119.5256,302.9373258,282.3339468,-7.96959442267,-4.16737753003
202,Piani Eterni karst system,425,MN1,274586,103136.5445,315.8579877,289.3534534,-7.92731434738,-3.47226172402
202,Piani Eterni karst system,425,MN1,274587,103152.1359,338.0934337,297.6985338,-7.69252981023,-2.26100737365
202,Piani Eterni karst system,425,MN1,274588,103169.7765,352.4061352,308.7643288,-7.73454928018,-2.17856709821
202,Piani Eterni karst system,425,MN1,274589,103184.6625,372.2640846,315.4514102,-7.43810538807,-2.29315694481
202,Piani Eterni karst system,425,MN1,274590,103197.9624,392.3066616,321.4515722,-7.82551886329,-2.87250235057
202,Piani Eterni karst system,425,MN1,274591,103211.7971,407.6817439,327.8648606,-7.59531725396,-2.74410454193
202,Piani Eterni karst system,425,MN1,274592,103227.0891,427.5103275,340.5065572,-7.86842798694,-3.81363807109
202,Piani Eterni karst system,425,MN1,274593,103244.4546,447.4070806,353.4065334,-7.69899127712,-2.44895573773
202,Piani Eterni karst system,425,MN1,274594,103260.7922,459.8825917,365.6111719,-7.79298472561,-2.35071604147
202,Piani Eterni karst system,425,MN1,274595,103275.9068,477.969038,374.3732311,-7.92463539708,-2.26826563817
202,Piani Eterni karst system,425,MN1,274596,103293.7948,499.9856533,387.3197229,-7.61789752044,-1.37764697189
202,Piani Eterni karst system,425,MN1,274597,103311.0595,522.4447178,398.9675968,-7.75482571602,-1.23250140251
202,Piani Eterni karst system,425,MN1,274598,103329.2908,541.674911,411.9690738,-7.90889760096,-1.35319437915
202,Piani Eterni karst system,425,MN1,274599,103346.2018,558.4285495,424.6420338,-7.80455882379,-1.08525907466
202,Piani Eterni karst system,425,MN1,274600,103360.4971,575.9673785,434.6789167,-7.67326588988,-0.974344126552
202,Piani Eterni karst system,425,MN1,274601,103394.2472,562.2407934,428.6953614,-7.6666993991,-0.860646725581
202,Piani Eterni karst system,425,MN1,274602,103427.6971,546.6235039,420.5249964,-7.75301834659,-0.951365877377
202,Piani Eterni karst system,425,MN1,274603,103461.7261,535.1181222,411.6101175,-7.69942833554,-1.18903347623
202,Piani Eterni karst system,425,MN1,274604,103493.638,522.8792237,400.0187947,-7.45591034648,-0.683806898373
202,Piani Eterni karst system,425,MN1,274605,103524.917,511.9163121,391.2734095,-7.37920273632,-2.48077408287
202,Piani Eterni karst system,425,MN1,274606,103558.1608,500.1997731,381.1645071,-7.63823514388,-2.91170252789
202,Piani Eterni karst system,425,MN1,274607,103590.9296,489.3064006,373.7740161,-7.84027442307,-2.46308358746
202,Piani Eterni karst system,425,MN1,274608,103625.9145,477.0922765,368.89206,-8.03444248413,-3.9236777633
202,Piani Eterni karst system,425,MN1,274609,103660.5858,463.9550345,364.7649312,-7.9439475679,-3.7461567368
202,Piani Eterni karst system,425,MN1,274610,103695.1551,449.2705535,356.8676036,-8.12555195742,-3.49305036969
202,Piani Eterni karst system,425,MN1,274611,103730.2958,435.6534192,349.2427404,-7.82288429015,-3.95422598712
202,Piani Eterni karst system,425,MN1,274612,103762.1764,427.4305658,342.0222941,-7.82283606459,-4.15137009015
202,Piani Eterni karst system,425,MN1,274613,103796.2454,414.3312616,335.2841565,-7.44978884667,-2.58009489005
202,Piani Eterni karst system,425,MN1,274614,103829.8566,402.0413311,327.2922518,-7.58683710043,-3.19667640928
202,Piani Eterni karst system,425,MN1,274615,103861.6558,391.6752677,320.2175946,-7.50536642961,-3.1026264887
202,Piani Eterni karst system,425,MN1,274616,103895.0295,380.1829102,313.8917782,-7.69421852393,-3.23188876115
202,Piani Eterni karst system,425,MN1,274617,103928.9226,371.9554859,306.4994203,-7.60871271172,-2.53991402575
202,Piani Eterni karst system,425,MN1,274618,103963.8965,364.2577225,301.061489,-7.90233093346,-2.06152393542
202,Piani Eterni karst system,425,MN1,274619,103999.3081,354.2455133,302.2195582,-7.77299505709,-2.59193611698
202,Piani Eterni karst system,425,MN1,274620,104033.5032,346.3884711,299.5636225,-8.05887982289,-2.84179822784
202,Piani Eterni karst system,425,MN1,274621,104066.7337,340.0934144,295.7303895,-7.72357045436,-1.63496485908
202,Piani Eterni karst system,425,MN1,274622,104098.8145,337.1708093,291.844519,-7.77833158779,-1.93278344439
202,Piani Eterni karst system,425,MN1,274623,104130.1888,335.6074967,285.8244522,-7.89651539016,-1.67589345545
202,Piani Eterni karst system,425,MN1,274624,104164.919,327.672488,288.5814796,-7.68908500324,-1.79061837927
202,Piani Eterni karst system,425,MN1,274625,104201.1492,316.1921376,293.2566416,-7.8428233569,-2.63327509648
202,Piani Eterni karst system,425,MN1,274626,104232.3804,313.5795818,288.6581629,-8.02485012845,-2.13348877692
202,Piani Eterni karst system,425,MN1,274627,104267.4055,306.7657556,280.5172864,-7.86215686321,-2.83283054339
202,Piani Eterni karst system,425,MN1,274628,104301.27,303.1328018,281.4905212,-8.15153770905,-2.44235265368
202,Piani Eterni karst system,425,MN1,274629,104333.33,293.6952395,282.5356335,-8.10359961079,-2.45740659451
202,Piani Eterni karst system,425,MN1,274630,104365.6004,293.2267323,281.2732565,-8.1551057276,-3.19162471884
202,Piani Eterni karst system,425,MN1,274631,104398.4948,289.3371604,284.7697147,-8.23909796014,-2.93308433209
202,Piani Eterni karst system,425,MN1,274632,104431.0968,290.5046227,288.2017992,-8.02470231522,-2.51233932754
202,Piani Eterni karst system,425,MN1,274633,104464.8168,287.1301483,292.2318779,-7.90620846693,-2.2634878866
202,Piani Eterni karst system,425,MN1,274634,104499.0618,288.4146505,294.5477701,-8.22883899224,-2.89778896741
202,Piani Eterni karst system,425,MN1,274635,104532.2186,289.5964161,297.9589385,-8.08770400614,-2.58396678344
202,Piani Eterni karst system,425,MN1,274636,104565.3637,294.4423774,303.2395671,-7.9608087258,-1.84805895008
202,Piani Eterni karst system,425,MN1,274637,104597.491,300.1351793,308.7597948,-7.881,-2.288
202,Piani Eterni karst system,425,MN1,274638,104628.5891,307.4131922,311.9114082,-7.67,-1.74
202,Piani Eterni karst system,425,MN1,274639,104661.8047,313.5366101,318.1475724,-7.59,-3.179
202,Piani Eterni karst system,425,MN1,274640,104691.5133,321.0785219,320.413715,-7.701,-2.584
202,Piani Eterni karst system,425,MN1,274641,104725.4702,325.2959423,327.3882142,-7.62,-3.669
202,Piani Eterni karst system,425,MN1,274642,104756.6046,336.3704824,336.153047,-7.474,-2.83
202,Piani Eterni karst system,425,MN1,274643,104789.4601,345.9871102,340.2903218,-7.26,-3.103
202,Piani Eterni karst system,425,MN1,274644,104823.1708,354.2433671,351.3625814,-7.29,-2.819
202,Piani Eterni karst system,425,MN1,274645,104856.9788,357.2131811,359.794409,-7.43,-2.392
202,Piani Eterni karst system,425,MN1,274646,104890.8908,361.792257,366.3366563,-7.05,-2.381
202,Piani Eterni karst system,425,MN1,274647,104916.8728,346.3351841,348.63105,-7.104,-2.055
202,Piani Eterni karst system,425,MN1,274648,104943.8613,331.4571336,334.0707786,-7.33,-2.056
202,Piani Eterni karst system,425,MN1,274649,104972.2198,315.7465298,316.1533544,-7.521,-2.074
202,Piani Eterni karst system,425,MN1,274650,104999.925,303.3257605,302.5780822,-7.386,-1.74
202,Piani Eterni karst system,425,MN1,274651,105027.6329,291.4684845,288.0882065,-7.556,-1.802
202,Piani Eterni karst system,425,MN1,274652,105056.4408,278.087943,275.2373405,-7.679,-1.97
202,Piani Eterni karst system,425,MN1,274653,105083.7927,265.2725323,261.6967138,-7.788,-2.107
202,Piani Eterni karst system,425,MN1,274654,105114.2719,252.7056338,255.1821297,-7.8,-2.279
202,Piani Eterni karst system,425,MN1,274655,105142.1295,242.7140351,246.6107837,-7.779,-2.357
202,Piani Eterni karst system,425,MN1,274656,105169.9615,239.9036478,238.5579992,-7.9,-2.777
202,Piani Eterni karst system,425,MN1,274657,105197.3492,233.6190197,230.8887027,-7.789,-2.374
202,Piani Eterni karst system,425,MN1,274658,105223.6145,229.5602041,225.2539602,-7.81,-2.737
202,Piani Eterni karst system,425,MN1,274659,105251.6284,224.0052535,219.2179492,-7.8,-2.128
202,Piani Eterni karst system,425,MN1,274660,105278.718,222.2026256,216.3139017,-7.58,-1.771
202,Piani Eterni karst system,425,MN1,274661,105305.7382,224.6325885,216.3473059,-7.46,-1.388
202,Piani Eterni karst system,425,MN1,274662,105332.5873,224.133085,216.5823724,-7.66,-1.41
202,Piani Eterni karst system,425,MN1,274663,105359.8306,229.5054501,221.1577558,-7.486,-3.339
202,Piani Eterni karst system,425,MN1,274664,105388.2927,232.4787385,228.754655,-7.607,-4.045
202,Piani Eterni karst system,425,MN1,274665,105416.4114,239.9187067,236.2993685,-7.183,-1.545
202,Piani Eterni karst system,425,MN1,274666,105444.3427,250.7678345,241.1762816,-6.95604287561,0.480103619468
202,Piani Eterni karst system,425,MN1,274667,105473.4826,258.9602694,249.5473395,-7.10812149471,-0.103917205556
202,Piani Eterni karst system,426,GG1,274679,139470.9121,371.7094483,380.1788685,-6.94,-0.5
202,Piani Eterni karst system,426,GG1,274680,140412.7886,339.3137845,352.3567154,-7.28,-0.43
202,Piani Eterni karst system,426,GG1,274681,141354.2261,328.7098692,334.3079564,-7.08,-0.18
202,Piani Eterni karst system,426,GG1,274682,142296.77,332.1294513,325.2046509,-6.98,0.08
202,Piani Eterni karst system,426,GG1,274683,143237.4797,357.6377295,351.2187953,-6.98,-0.37
202,Piani Eterni karst system,426,GG1,274684,144170.153,403.3276967,377.3560797,-7.08,-0.66
202,Piani Eterni karst system,426,GG1,274685,145106.7254,460.844406,424.0863365,-7.15,-0.57
202,Piani Eterni karst system,426,GG1,274686,146040.3795,524.8917725,474.7642857,-7.05,-0.56
202,Piani Eterni karst system,426,GG1,274687,146984.7169,580.2475115,545.4245372,-7.22,-0.75
202,Piani Eterni karst system,426,GG1,274688,147548.3097,556.9768797,519.1204402,-7.22,-1.01
202,Piani Eterni karst system,426,GG1,274689,148115.872,524.3717809,499.850683,-7.42,-0.93
202,Piani Eterni karst system,426,GG1,274690,148684.7939,509.5423917,498.2675677,-7.45,-0.68
202,Piani Eterni karst system,426,GG1,274691,149249.2866,489.2010191,487.5606235,-6.92,0.09
202,Piani Eterni karst system,426,GG1,274692,149810.6259,487.2371051,477.582597,-7.15,-0.5
202,Piani Eterni karst system,426,GG1,274693,150377.8985,469.154845,473.2328641,-6.94,-0.12
202,Piani Eterni karst system,426,GG1,274694,150942.1948,466.9777109,464.2982519,-7.33,-0.48
202,Piani Eterni karst system,426,GG1,274695,151504.611,458.4900484,459.4491831,-7.05,-0.12
202,Piani Eterni karst system,426,GG1,274696,152069.8701,468.2699005,464.2197896,-7.29,-0.26
202,Piani Eterni karst system,426,GG1,274697,152635.168,471.144804,473.1054592,-7.55,-0.62
202,Piani Eterni karst system,426,GG1,274698,153199.0204,481.6094729,492.1137515,-7.25,-0.42
202,Piani Eterni karst system,426,GG1,274699,153764.0619,496.8999667,511.8707316,-7.41,-0.74
202,Piani Eterni karst system,426,GG1,274700,154331.0584,508.9311369,537.7836261,-7.63,-0.82
202,Piani Eterni karst system,426,GG1,274701,154889.5691,539.1994836,558.823024,-7.61,-0.91
202,Piani Eterni karst system,426,GG1,274702,155457.0169,565.4509843,593.3849396,-7.81,-1.01
202,Piani Eterni karst system,426,GG1,274703,156023.1872,591.6209349,626.9934528,-7.72,-0.74
202,Piani Eterni karst system,426,GG1,274704,156585.8426,620.386981,654.7586048,-7.78,-0.71
202,Piani Eterni karst system,426,GG1,274705,157152.0961,647.1103092,682.5575114,-7.69,-0.54
202,Piani Eterni karst system,426,GG1,274706,157717.5613,667.3017228,713.6526694,-7.78,-0.75
202,Piani Eterni karst system,426,GG1,274707,158280.9214,699.8045433,744.043264,-8.18,-1.01
202,Piani Eterni karst system,426,GG1,274708,158846.3551,726.6202298,778.2172004,-7.95,-0.95
202,Piani Eterni karst system,426,GG1,274709,159409.2116,763.846752,804.3966385,-7.94,-1.03
202,Piani Eterni karst system,426,GG1,274710,159905.4802,762.3461362,793.8445001,-8.07,-1.15
202,Piani Eterni karst system,426,GG1,274711,160330.8793,719.0379343,753.03181,-8,-1.17
202,Piani Eterni karst system,426,GG1,274712,160761.7632,671.0961065,714.7692224,-8.13,-1.34
202,Piani Eterni karst system,426,GG1,274713,161190.6961,635.5431922,672.7551134,-7.71,-1.05
202,Piani Eterni karst system,426,GG1,274714,161622.2361,598.5421645,636.736073,-7.5,-0.92
202,Piani Eterni karst system,426,GG1,274715,162051.0852,575.2136267,620.4899388,-7.64,-1.46
202,Piani Eterni karst system,426,GG1,274716,162477.7378,558.3142035,593.6090152,-7.66,-1.081
202,Piani Eterni karst system,426,GG1,274717,162908.7123,534.4775033,584.2665847,-7.74,-1.293
202,Piani Eterni karst system,426,GG1,274718,163333.8696,521.6760477,573.8386614,-7.63,-0.943
202,Piani Eterni karst system,426,GG1,274719,163757.4208,520.6805799,550.6242565,-7.75,-1.208
202,Piani Eterni karst system,426,GG1,274720,164183.3155,519.3832532,539.1506655,-7.78,-0.949
202,Piani Eterni karst system,426,GG1,274721,164606.2148,528.913807,538.1757366,-7.598,-0.994
202,Piani Eterni karst system,426,GG1,274722,165034.5567,535.6945504,541.8921716,-7.7,-1.096
202,Piani Eterni karst system,426,GG1,274723,165465.3656,548.2034355,558.8970659,-7.864,-1.231
202,Piani Eterni karst system,426,GG1,274724,165893.9412,565.3924104,567.5903367,-7.804,-0.976
202,Piani Eterni karst system,426,GG1,274725,166322.5365,591.5968202,590.8444518,-7.85,-1.116
202,Piani Eterni karst system,426,GG1,274726,166746.9828,625.3318096,609.3284988,-7.84,-0.751
202,Piani Eterni karst system,426,GG1,274727,167172.867,667.0367592,649.5192591,-7.69,-1.058
202,Piani Eterni karst system,426,GG1,274728,167601.7277,699.0301464,688.7027832,-7.839,-1.263
202,Piani Eterni karst system,426,GG1,274737,184354.676,905.4823623,843.7066601,-7.876,-0.919
202,Piani Eterni karst system,426,GG1,274738,184720.0212,877.3711048,809.5696077,-7.564,-0.787
202,Piani Eterni karst system,426,GG1,274739,185086.2605,857.0173015,777.9705751,-7.685,-0.486
202,Piani Eterni karst system,426,GG1,274740,185452.9334,820.8026946,762.4843612,-7.625,-0.347
202,Piani Eterni karst system,426,GG1,274741,185826.2283,782.5975906,744.4207663,-7.77,-0.732
202,Piani Eterni karst system,426,GG1,274742,186192.6569,753.7957817,715.4463939,-7.797,-0.952
202,Piani Eterni karst system,426,GG1,274743,186563.097,727.1961747,707.8760518,-8.08,-1.108
202,Piani Eterni karst system,426,GG1,274744,186933.1707,695.7251604,692.6688521,-8.132,-0.884
202,Piani Eterni karst system,426,GG1,274745,187303.972,685.544644,677.1653568,-7.904,-0.547
202,Piani Eterni karst system,426,GG1,274746,187670.9224,678.3899695,668.5606662,-7.978,-0.749
202,Piani Eterni karst system,426,GG1,274747,188039.1369,678.5447958,658.0831427,-8.23,-1.118
202,Piani Eterni karst system,426,GG1,274748,188405.9184,668.8436423,646.6351212,-8.05,-0.883
202,Piani Eterni karst system,426,GG1,274749,188769.8594,661.7428307,625.1543768,-7.97,-0.789
202,Piani Eterni karst system,426,GG1,274750,189138.4707,647.5638724,622.4358569,-8.397,-1.404
202,Piani Eterni karst system,426,GG1,274751,189503.8023,648.3241235,613.1807277,-8.293,-1.506
202,Piani Eterni karst system,426,GG1,274752,189872.4661,648.0985396,610.0074469,-8.271,-1.229
202,Piani Eterni karst system,426,GG1,274753,190242.5107,643.1744864,614.5064937,-8.22,-1.297
202,Piani Eterni karst system,426,GG1,274754,190607.1789,659.6050848,619.5323064,-8.292,-1.126
202,Piani Eterni karst system,426,GG1,274755,190977.5007,658.6109728,631.3287401,-8.413,-1.477
202,Piani Eterni karst system,426,GG1,274756,191346.2012,665.9261646,645.2934028,-8.17,-1.139
202,Piani Eterni karst system,426,GG1,274757,191711.1952,676.5130814,670.1405804,-8.244,-1.155
202,Piani Eterni karst system,426,GG1,274758,192076.3995,696.1230726,685.2714224,-8.39,-1.271
202,Piani Eterni karst system,426,GG1,274759,192451.9149,715.2554454,717.4616918,-8.19,-0.771
202,Piani Eterni karst system,426,GG1,274760,192823.0728,749.55031,745.7866447,-8.064,-0.507
202,Piani Eterni karst system,426,GG1,274761,193188.565,791.3605269,766.0238782,-8.52,-1.28
202,Piani Eterni karst system,426,GG1,274762,193555.8542,812.7802823,797.8554148,-8.506,-1.326
202,Piani Eterni karst system,426,GG1,274763,193926.7507,844.5793184,831.325077,-8.724,-1.525
202,Piani Eterni karst system,426,GG1,274764,194294.3971,876.0589056,848.003015,-8.62,-1.477
202,Piani Eterni karst system,426,GG1,274776,231721.736,1085.628518,1155.941919,-8.563,-1.021
202,Piani Eterni karst system,426,GG1,274777,232276.563,951.2212635,991.4623192,-8.479,-0.732
202,Piani Eterni karst system,426,GG1,274778,232815.6614,1045.700087,1089.920762,-8.336,-0.615
202,Piani Eterni karst system,426,GG1,274779,233354.8277,1353.392382,1297.684788,-8.45,-0.609
202,Piani Eterni karst system,426,GG1,274788,253623.3725,1414.578485,1462.633935,-8.666,-1.028
202,Piani Eterni karst system,426,GG1,274789,254204.4607,1326.661542,1399.238112,-8.63,-0.558
202,Piani Eterni karst system,426,GG1,274790,254775.838,1308.044428,1358.393416,-8.606,-0.575
202,Piani Eterni karst system,426,GG1,274791,255338.6397,1278.459085,1308.014019,-8.8,-0.82
202,Piani Eterni karst system,426,GG1,274792,255905.5446,1293.187523,1302.561047,-8.558,-0.225
202,Piani Eterni karst system,426,GG1,274793,256488.7874,1325.667829,1345.561431,-8.01,-0.701
202,Piani Eterni karst system,426,GG1,274794,257074.2816,1384.203202,1420.260778,-7.748,0.23
202,Piani Eterni karst system,426,GG1,274795,257658.8066,1467.135789,1516.821119,-7.753,0.117
202,Piani Eterni karst system,426,GG1,274796,258228.3645,1590.749898,1641.684903,-7.78,0.081
202,Piani Eterni karst system,426,GG1,274797,258793.7685,1727.613984,1765.731735,-7.994,-0.182
202,Piani Eterni karst system,426,GG1,274798,259353.2624,1849.442538,1877.232252,-7.829,-0.196
202,Piani Eterni karst system,426,GG1,274799,259914.7432,2017.791284,2053.207624,-7.592,-0.32
202,Piani Eterni karst system,426,GG1,274800,260479.7262,2172.781478,2232.38594,-7.693,-0.574
202,Piani Eterni karst system,426,GG1,274801,260958.191,2218.51782,2270.399082,-7.948,-1.015
202,Piani Eterni karst system,426,GG1,274802,261338.2513,2150.981076,2214.718515,-7.743,-0.439
202,Piani Eterni karst system,426,GG1,274803,261714.423,2084.882412,2125.773861,-7.954,-0.919
202,Piani Eterni karst system,426,GG1,274804,262100.2289,2017.783351,2087.878077,-7.823,-0.14
202,Piani Eterni karst system,426,GG1,274805,262482.4774,1981.774902,2025.204353,-7.776,0.116
202,Piani Eterni karst system,426,GG1,274806,262861.1778,1895.185443,1953.424473,-8.25,-0.567
202,Piani Eterni karst system,426,GG1,274807,263232.8196,1834.634947,1887.125654,-8.028,0.564
202,Piani Eterni karst system,426,GG1,274808,263615.714,1790.120427,1857.832112,-8.265,0.017
202,Piani Eterni karst system,426,GG1,274809,263991.8476,1756.587404,1854.814133,-8.05,-0.151
202,Piani Eterni karst system,426,GG1,274810,264362.0914,1735.297,1828.745842,-7.83,0.183
202,Piani Eterni karst system,426,GG1,274811,264747.1896,1731.725651,1827.52626,-7.63,-0.321
202,Piani Eterni karst system,426,GG1,274812,265126.752,1713.223997,1812.433462,-8.009,-0.291
202,Piani Eterni karst system,426,GG1,274813,265515.8146,1697.777192,1829.682119,-7.001,-0.296
202,Piani Eterni karst system,426,GG1,274814,265897.7846,1708.73189,1829.15086,-6.77,0.128
202,Piani Eterni karst system,426,GG1,274815,266273.0377,1703.296221,1846.33888,-6.8,0.323
202,Piani Eterni karst system,426,GG1,274816,266636.8726,1695.751567,1864.910435,-6.802,0.244
202,Piani Eterni karst system,426,GG1,274817,267010.7658,1727.985634,1902.426606,-6.94,0.121
202,Piani Eterni karst system,426,GG1,274818,267368.1931,1793.401362,1925.885113,-7.015,-0.1
202,Piani Eterni karst system,426,GG1,274819,267734.5376,1812.832181,1947.937391,-7.248,-0.24
202,Piani Eterni karst system,426,GG1,274820,268127.7768,1855.029793,1979.467859,-7.129,-0.37
202,Piani Eterni karst system,426,GG1,274821,268505.2788,1901.943556,2041.331987,-7.087,0.219
202,Piani Eterni karst system,426,GG1,274822,268873.4713,1986.077929,2083.638543,-7.118,-0.153
202,Piani Eterni karst system,426,GG1,274823,269251.7628,2053.720159,2158.419431,-7.072,0.336
202,Piani Eterni karst system,426,GG1,274824,269625.9741,2128.02379,2222.286887,-7.357,0.05
202,Piani Eterni karst system,426,GG1,274825,269993.8407,2184.288141,2266.011195,-7.047,0.295
202,Piani Eterni karst system,426,GG1,274826,270356.1548,2276.029672,2322.513093,-7.304,0.434
202,Piani Eterni karst system,426,GG1,274827,270714.2505,2410.148497,2369.459497,-7.011,0.45
202,Piani Eterni karst system,426,GG1,274828,271094.9473,2503.40061,2449.312491,-7.102,0.154
202,Piani Eterni karst system,426,GG1,274829,271459.9271,2608.319755,2519.838306,-7.28,-0.076
202,Piani Eterni karst system,426,GG1,274830,271848.4735,2668.529735,2615.033238,-7.469,0.015
202,Piani Eterni karst system,426,GG1,274831,272226.8316,2760.614106,2701.950177,-7.398,0.058
202,Piani Eterni karst system,426,GG1,274832,272357.95,2704.85183,2603.912218,-7.363,0.002
202,Piani Eterni karst system,426,GG1,274833,272507.2112,2623.917688,2557.495782,-7.379,0.319
202,Piani Eterni karst system,426,GG1,274834,272642.9281,2569.051987,2499.312608,-7.302,0.504
202,Piani Eterni karst system,426,GG1,274835,272785.9501,2505.162155,2434.363777,-7.47,0.059
202,Piani Eterni karst system,426,GG1,274836,272928.1216,2440.741277,2369.553139,-7.46,0.332
202,Piani Eterni karst system,426,GG1,274837,273063.497,2394.759674,2294.966915,-7.369,-0.264
202,Piani Eterni karst system,426,GG1,274838,273196.9045,2344.312347,2231.400722,-7.077,0.171
202,Piani Eterni karst system,426,GG1,274839,273345.3613,2260.326051,2193.480692,-7.1,0.31
202,Piani Eterni karst system,426,GG1,274840,273494.6814,2185.245154,2145.100867,-7.27,-0.12
202,Piani Eterni karst system,426,GG1,274841,273630.2395,2156.433414,2083.29683,-7.321,0.09
202,Piani Eterni karst system,426,GG1,274842,273773.4066,2083.376353,2033.77375,-7.39,0.0143
202,Piani Eterni karst system,426,GG1,274843,273914.4384,2016.07495,1999.760686,-7.457,0.207
202,Piani Eterni karst system,426,GG1,274844,274052.7539,1966.478452,1945.344574,-7.34,0.136
202,Piani Eterni karst system,426,GG1,274845,274197.8053,1933.245615,1914.943267,-7.69,-0.422
202,Piani Eterni karst system,426,GG1,274846,274330.0445,1895.875484,1862.992157,-7.583,-0.208
202,Piani Eterni karst system,426,GG1,274847,274474.4669,1836.070007,1847.112808,-7.556,0.418
202,Piani Eterni karst system,426,GG1,274848,274624.0589,1805.843016,1855.190777,-7.478,0.188
202,Piani Eterni karst system,426,GG1,274849,274766.1722,1754.002328,1845.563349,-7.461,-0.062
202,Piani Eterni karst system,426,GG1,274850,274917.2537,1730.235949,1830.500732,-7.58,-0.047
202,Piani Eterni karst system,426,GG1,274851,275058.6742,1691.645851,1786.646786,-7.563,0
202,Piani Eterni karst system,426,GG1,274852,275197.3371,1660.105439,1772.548976,-7.51,-0.08
202,Piani Eterni karst system,426,GG1,274853,275344.4395,1646.149117,1760.2954,-7.6,0.064
202,Piani Eterni karst system,426,GG1,274854,275486.1706,1623.854009,1775.892284,-7.583,0.156
202,Piani Eterni karst system,426,GG1,274855,275628.1455,1638.479925,1788.422318,-7.63,-0.036
202,Piani Eterni karst system,426,GG1,274856,275766.2899,1609.689215,1809.473259,-7.488,-0.128
202,Piani Eterni karst system,426,GG1,274857,275913.0936,1628.343466,1800.166469,-7.27,0.201
202,Piani Eterni karst system,426,GG1,274858,276035.223,1648.549952,1784.143946,-7.37,-0.008
202,Piani Eterni karst system,426,GG1,274859,276169.4068,1649.080877,1773.444825,-8.224,0.21
202,Piani Eterni karst system,426,GG1,274860,276305.1738,1667.765697,1788.660951,-7.88,0.12
202,Piani Eterni karst system,426,GG1,274861,276447.2584,1690.364721,1841.408082,-7.43,0.382
202,Piani Eterni karst system,426,GG1,274862,276587.3573,1725.045374,1886.071109,-7.758,-0.375
202,Piani Eterni karst system,426,GG1,274863,276726.2156,1761.184667,1921.033457,-7.609,0.077
202,Piani Eterni karst system,426,GG1,274864,276853.5399,1837.431545,1952.821279,-7.612,0.201
202,Piani Eterni karst system,426,GG1,274865,277007.6652,1876.026072,2002.698132,-8.01,-0.379
202,Piani Eterni karst system,426,GG1,274866,277137.6794,1910.809438,2030.030906,-7.823,-0.18
202,Piani Eterni karst system,426,GG1,274867,277261.082,1975.421896,2032.639654,-7.877,-0.127
202,Piani Eterni karst system,426,GG1,274868,277402.8533,2009.408505,2080.003902,-7.929,-0.115
202,Piani Eterni karst system,426,GG1,274869,277544.8268,2065.156692,2132.586878,-8.12,-0.181
202,Piani Eterni karst system,426,GG1,274870,277685.342,2121.116256,2187.564782,-7.774,0.408
202,Piani Eterni karst system,426,GG1,274871,277824.631,2172.535483,2231.372198,-7.99,-0.091
202,Piani Eterni karst system,426,GG1,274872,278045.5762,2119.293495,2205.71438,-8.06,-0.168
202,Piani Eterni karst system,426,GG1,274873,278267.2027,2077.87897,2176.10573,-7.74,-0.277
202,Piani Eterni karst system,426,GG1,274874,278496.4484,2037.612184,2133.960807,-7.959,-0.149
202,Piani Eterni karst system,426,GG1,274875,278715.1022,1987.814316,2104.545968,-7.668,0.204
202,Piani Eterni karst system,426,GG1,274876,278928.0233,1950.088407,2049.166159,-7.784,0.528
202,Piani Eterni karst system,426,GG1,274877,279141.9346,1929.036724,1987.361013,-8.079,-0.14
202,Piani Eterni karst system,426,GG1,274878,279361.5461,1892.397799,1941.166568,-7.688,-0.117
202,Piani Eterni karst system,426,GG1,274879,279593.135,1862.213217,1925.89751,-8.071,-0.468
202,Piani Eterni karst system,426,GG1,274880,279803.5782,1824.821712,1875.740084,-7.96,0.112
202,Piani Eterni karst system,426,GG1,274881,280012.7577,1806.104873,1839.700162,-8.24,0.359
202,Piani Eterni karst system,426,GG1,274882,280218.7019,1802.60243,1804.219667,-8.34,0.111
202,Piani Eterni karst system,426,GG1,274883,280437.418,1798.406929,1781.043418,-8.335,-0.024
202,Piani Eterni karst system,426,GG1,274884,280653.7782,1806.558547,1745.854596,-8.604,-0.144
202,Piani Eterni karst system,426,GG1,274885,280875.9862,1773.090011,1695.839381,-8.521,-0.169
202,Piani Eterni karst system,426,GG1,274886,281108.8336,1746.289345,1717.150077,-8.601,-0.39
202,Piani Eterni karst system,426,GG1,274887,281338.0051,1737.001342,1724.968728,-8.63,-0.227
202,Piani Eterni karst system,426,GG1,274888,281550.3944,1728.338971,1704.687699,-8.666,-0.355
202,Piani Eterni karst system,426,GG1,274889,281768.6247,1742.97369,1724.522953,-8.64,-0.575
202,Piani Eterni karst system,426,GG1,274890,281983.2706,1737.423249,1704.121859,-8.92,-0.484
202,Piani Eterni karst system,426,GG1,274891,282196.6927,1760.121197,1741.448827,-8.777,-0.241
202,Piani Eterni karst system,426,GG1,274892,282393.6525,1794.263552,1729.528666,-8.828,-0.242
202,Piani Eterni karst system,426,GG1,274893,282625.2941,1780.309857,1765.799886,-8.632,-0.054
202,Piani Eterni karst system,426,GG1,274894,282853.8298,1783.472687,1811.695937,-8.52,0.012
202,Piani Eterni karst system,426,GG1,274895,283069.6614,1816.31711,1838.910364,-8.559,0.053
202,Piani Eterni karst system,426,GG1,274896,283290.4547,1850.481385,1864.21716,-8.383,0.1
202,Piani Eterni karst system,426,GG1,274897,283524.8653,1839.986029,1891.793659,-8.526,-0.024
202,Piani Eterni karst system,426,GG1,274898,283753.1086,1857.079536,1922.662663,-8.65,0.13
202,Piani Eterni karst system,426,GG1,274899,283968.9204,1891.342144,1957.373421,-8.466,-0.016
202,Piani Eterni karst system,426,GG1,274900,284176.1572,1951.452807,1969.623932,-8.609,-0.086
202,Piani Eterni karst system,426,GG1,274901,284397.9922,2001.118261,2020.527346,-8.513,-0.022
202,Piani Eterni karst system,426,GG1,274902,284610.8776,2040.869576,2057.246886,-8.461,-0.049
202,Piani Eterni karst system,426,GG1,274903,284829.9113,2088.016476,2108.271373,-8.483,0.209
202,Piani Eterni karst system,426,GG1,274904,285039.2847,2130.476967,2180.262807,-8.248,0.318
202,Piani Eterni karst system,426,GG1,274905,285253.5912,2176.520951,2235.397563,-8.123,0.348
202,Piani Eterni karst system,426,GG1,274906,285460.5375,2214.561346,2297.761077,-8.294,0.241
202,Piani Eterni karst system,426,GG1,274907,285679.7578,2275.328536,2334.616716,-8.37,-0.19
202,Piani Eterni karst system,426,GG1,274908,285896.593,2328.991557,2409.451858,-8.197,0.112
202,Piani Eterni karst system,426,GG1,274909,286126.9759,2365.481623,2452.550486,-8.423,-0.134
202,Piani Eterni karst system,426,GG1,274910,286357.0741,2412.957743,2519.929873,-8.665,0.229
202,Piani Eterni karst system,426,GG1,274911,286572.0871,2470.717034,2548.450737,-8.456,0.274
202,Piani Eterni karst system,426,GG1,274912,286791.4693,2532.772468,2602.861982,-8.5,1.12
202,Piani Eterni karst system,426,GG1,274913,287006.8859,2599.776234,2667.768687,-8.51,0.855
202,Piani Eterni karst system,426,GG1,274914,287229.5313,2653.88737,2726.05812,-8.542,0.805
202,Piani Eterni karst system,426,GG1,274915,287442.1415,2731.906117,2778.649961,-8.371,0.21
202,Piani Eterni karst system,426,GG1,274916,287670.7851,2785.928523,2839.247326,-8.42,0.19
202,Piani Eterni karst system,426,GG1,274917,287891.8225,2838.550448,2914.694122,-8.451,0.18
202,Piani Eterni karst system,426,GG1,274918,288092.584,2900.484166,2964.195313,-8.45,0.11
202,Piani Eterni karst system,426,GG1,274919,288309.3446,2961.781939,3048.286594,-8.234,0.11
202,Piani Eterni karst system,426,GG1,274920,288536.1904,3032.644869,3121.424823,-8.102,-0.082
202,Piani Eterni karst system,426,GG1,274921,288746.2529,3115.574029,3154.17843,-8.134,-0.24
202,Piani Eterni karst system,426,GG1,274922,288977.211,3164.219059,3225.420251,-8.393,-0.38
202,Piani Eterni karst system,426,GG1,274923,289190.3942,3255.163703,3286.012053,-8.028,-0.067
