site_id,entity_id,entity_name,entity_status,corresponding_current,persist_id,depth_ref,geology,rock_age,wokam,vegetation_type,land_use,copernicus_lcc,cover_type,cover_thickness,host_rock_trace_elements,drip_water_trace_elements,distance_entrance,speleothem_type,drip_type,drip_height,d13c,d18o,iso_std,d18o_water_equilibrium,d18o_dripwater_carbonate_difference,organics,fluid_inclusions,mineralogy_petrology_fabric,clumped_isotopes,noble_gas_temperatures,c14,odl,sr_ca,sr_ca_method,sr_ca_std,sr_ca_downsampled,sr_ca_downsampling_method,mg_ca,mg_ca_method,mg_ca_std,mg_ca_downsampled,mg_ca_downsampling_method,ba_ca,ba_ca_method,ba_ca_std,ba_ca_downsampled,ba_ca_downsampling_method,u_ca,u_ca_method,u_ca_std,u_ca_downsampled,u_ca_downsampling_method,p_ca,p_ca_method,p_ca_std,p_ca_downsampled,p_ca_downsampling_method,sr_isotopes,sr_isotopes_method,sr_isotopes_std,trace_elements_datafile,trace_elements_metadatafile,cave_map,entity_scan,contact,data_doi_url
10,55,JAR7,current,,10-JAR7,from top,dolomite,unknown,continuous carbonate,deciduous,forest,"closed forest, other",patchy,,no,yes,300,stalagmite,seasonal drip,10,yes,yes,Vienna-PDB,yes,,no,no,no,no,no,no,no,no,,,,,no,,,,,no,,,,,no,,,,,no,,,,,no,,,no,,yes,yes,Valdir Felipe Novello,10.1594/PANGAEA.878256; 10.1594/PANGAEA.905143
10,56,JAR14,current,,10-JAR14,from top,dolomite,unknown,continuous carbonate,deciduous,forest,"closed forest, other",patchy,,no,yes,300,stalagmite,seasonal drip,10,yes,yes,Vienna-PDB,yes,,no,no,no,no,no,no,no,no,,,,,no,,,,,no,,,,,no,,,,,no,,,,,no,,,no,,yes,yes,Valdir Felipe Novello,10.1594/PANGAEA.878256; 10.1594/PANGAEA.905143
10,57,JAR13,current,,10-JAR13,from top,dolomite,unknown,continuous carbonate,deciduous,forest,"closed forest, other",patchy,,no,yes,300,stalagmite,seasonal drip,10,yes,yes,Vienna-PDB,yes,,no,no,no,no,no,no,no,no,,,,,no,,,,,no,,,,,no,,,,,no,,,,,no,,,no,,yes,yes,Valdir Felipe Novello,10.1594/PANGAEA.878256; 10.1594/PANGAEA.905144
24,91,LSF16,current,,24-LSF16,from top,limestone,Precambrian,discontinuous carbonate,deciduous,mixed (see notes),herbaceous vegetation,patchy,20,no,no,,stalagmite,unknown,3,yes,yes,Vienna-PDB,yes,,no,no,no,no,no,no,no,no,,,,,no,,,,,no,,,,,no,,,,,no,,,,,yes,unknown,SrCO3 (NIST SRM 987),no,no,no,no,Nicolás M. Stríkis; Vitor Azevedo,
24,92,LSF3_2015,current partially modified,604,24-LSF3,from top,limestone,Precambrian,discontinuous carbonate,deciduous,mixed (see notes),herbaceous vegetation,patchy,20,no,no,,stalagmite,unknown,3,no,yes,Vienna-PDB,yes,,no,no,no,no,no,no,no,no,,,,,no,,,,,no,,,,,no,,,,,no,,,,,no,,,no,,no,no,Nicolás M. Stríkis; Vitor Azevedo,
39,114,D3,current partially modified,700,39-D3,from top,limestone,Pleistocene,continuous carbonate,unknown,unknown,"closed forest, evergreen broad leaf",unknown,100,unknown,unknown,300,stalagmite,unknown,,no,yes,Vienna-PDB,yes,,no,no,no,no,no,no,no,no,,,,,no,,,,,no,,,,,no,,,,,no,,,,,no,,,no,,no,no,Jun Hu,
39,115,D4_2004,current partially modified,446; 701,39-D4,from top,limestone,Pleistocene,continuous carbonate,unknown,unknown,"closed forest, evergreen broad leaf",unknown,100,unknown,unknown,500,stalagmite,unknown,,no,yes,Vienna-PDB,yes,,no,no,no,no,no,no,no,no,,,,,no,,,,,no,,,,,no,,,,,no,,,,,no,,,no,,no,no,Jun Hu,
58,138,SPA12,current,,58-SPA12,from top,marble,Jurassic,continuous carbonate,other (see notes),other (see notes),bare / sparse vegetation,patchy,,,,,stalagmite,unknown,,no,yes,Vienna-PDB,unknown,,no,no,no,no,no,no,no,no,,,,,no,,,,,no,,,,,no,,,,,no,,,,,no,,,no,,no,no,Jens Fohlmeister,
58,139,SPA70,current,,58-SPA70,from top,marble,Jurassic,continuous carbonate,other (see notes),other (see notes),bare / sparse vegetation,patchy,,,,,stalagmite,unknown,,no,yes,Vienna-PDB,unknown,,no,no,no,no,no,no,no,no,,,,,no,,,,,no,,,,,no,,,,,no,,,,,no,,,no,,no,no,Jens Fohlmeister,
58,140,SPA128,current,,58-SPA128,from top,marble,Jurassic,continuous carbonate,other (see notes),other (see notes),bare / sparse vegetation,patchy,,,,,stalagmite,unknown,,no,yes,Vienna-PDB,unknown,,no,no,no,no,no,no,no,no,,,,,no,,,,,no,,,,,no,,,,,no,,,,,no,,,no,,no,no,Jens Fohlmeister,
58,141,SPA127,current partially modified,732,58-SPA127,from top,marble,Jurassic,continuous carbonate,other (see notes),other (see notes),bare / sparse vegetation,patchy,,,,,stalagmite,unknown,,no,yes,Vienna-PDB,unknown,,no,no,no,no,no,no,no,no,,,,,no,,,,,no,,,,,no,,,,,no,,,,,no,,,no,,no,no,Jens Fohlmeister,
58,142,COMNISPA II,current,,58-COMNISPAII-COMP,from top,marble,Jurassic,continuous carbonate,other (see notes),other (see notes),bare / sparse vegetation,patchy,,,,,composite,not applicable,,no,yes,Vienna-PDB,no,,no,no,no,no,no,no,no,no,,,,,no,,,,,no,,,,,no,,,,,no,,,,,no,,,no,,no,no,Jens Fohlmeister,
58,154,SPA133,current,,58-SPA133,from top,marble,Jurassic,continuous carbonate,other (see notes),other (see notes),bare / sparse vegetation,patchy,,,,,stalagmite,unknown,,no,yes,Vienna-PDB,no,,no,no,no,no,no,no,no,no,,,,,no,,,,,no,,,,,no,,,,,no,,,,,no,,,no,,no,no,Jens Fohlmeister,https://www.ncdc.noaa.gov/paleo/study/14510
122,253,HS4_2008,current partially modified,254,122-HS4,from top,dolomite,Cambrian,continuous carbonate,unknown,unknown,"closed forest, evergreen broad leaf",unknown,400,no,no,150,stalagmite,unknown,,yes,yes,Vienna-PDB,yes,,no,no,no,no,no,no,no,no,,,,,no,,,,,no,,,,,no,,,,,no,,,,,no,,,no,,no,no,Nikita Kaushal,https://www.ncdc.noaa.gov/paleo/study/6095
122,254,HS4_2013,current partially modified,253,122-HS4,from top,dolomite,Cambrian,continuous carbonate,unknown,unknown,"closed forest, evergreen broad leaf",unknown,400,no,no,150,stalagmite,unknown,,yes,yes,Vienna-PDB,unknown,,no,no,no,no,no,no,no,no,,,,,no,,,,,no,,,,,no,,,,,no,,,,,no,,,no,,no,no,Nikita Kaushal,https://www.ncdc.noaa.gov/paleo/study/14312
58,261,SPA121,current partially modified,729,58-SPA121,from top,marble,Jurassic,continuous carbonate,other (see notes),other (see notes),bare / sparse vegetation,patchy,20,,,,stalagmite,unknown,,yes,yes,Vienna-PDB,unknown,,unknown,unknown,yes,unknown,unknown,unknown,unknown,no,,,,,no,,,,,no,,,,,no,,,,,no,,,,,no,,,no,,no,yes,Carlos Pérez-Mejías,https://www.ncdc.noaa.gov/paleo/study/6212
127,263,XBL-3,current,,127-XBL3,from base,unknown,unknown,continuous carbonate,unknown,unknown,"open forest, other",unknown,,no,no,350,stalagmite,unknown,,no,yes,Vienna-PDB,yes,,no,no,no,no,no,no,no,no,,,,,no,,,,,no,,,,,no,,,,,no,,,,,no,,,no,,no,no,Jun Hu,http://www.pnas.org/content/suppl/2015/02/18/1424035112.DCSupplemental/pnas.1424035112.sapp.pdf
127,264,XBL-4,current,,127-XBL4,from base,unknown,unknown,continuous carbonate,unknown,unknown,"open forest, other",unknown,,no,no,350,stalagmite,unknown,,no,yes,Vienna-PDB,yes,,no,no,no,no,no,no,no,no,,,,,no,,,,,no,,,,,no,,,,,no,,,,,no,,,no,,no,no,Jun Hu,http://www.pnas.org/content/suppl/2015/02/18/1424035112.DCSupplemental/pnas.1424035112.sapp.pdf
127,265,XBL-7,current,,127-XBL7,from base,unknown,unknown,continuous carbonate,unknown,unknown,"open forest, other",unknown,,no,no,350,stalagmite,unknown,,no,yes,Vienna-PDB,yes,,no,no,no,no,no,no,no,no,,,,,no,,,,,no,,,,,no,,,,,no,,,,,no,,,no,,no,no,Jun Hu,http://www.pnas.org/content/suppl/2015/02/18/1424035112.DCSupplemental/pnas.1424035112.sapp.pdf
127,266,XBL-26,current,,127-XBL26,from base,unknown,unknown,continuous carbonate,unknown,unknown,"open forest, other",unknown,,no,no,350,stalagmite,unknown,,no,yes,Vienna-PDB,yes,,no,no,no,no,no,no,no,no,,,,,no,,,,,no,,,,,no,,,,,no,,,,,no,,,no,,no,no,Jun Hu,http://www.pnas.org/content/suppl/2015/02/18/1424035112.DCSupplemental/pnas.1424035112.sapp.pdf
127,267,XBL-27,current,,127-XBL27,from base,unknown,unknown,continuous carbonate,unknown,unknown,"open forest, other",unknown,,no,no,350,stalagmite,unknown,,no,yes,Vienna-PDB,yes,,no,no,no,no,no,no,no,no,,,,,no,,,,,no,,,,,no,,,,,no,,,,,no,,,no,,no,no,Jun Hu,http://www.pnas.org/content/suppl/2015/02/18/1424035112.DCSupplemental/pnas.1424035112.sapp.pdf
127,268,XBL-29,current,,127-XBL29,from base,unknown,unknown,continuous carbonate,unknown,unknown,"open forest, other",unknown,,no,no,350,stalagmite,unknown,,no,yes,Vienna-PDB,yes,,no,no,no,no,no,no,no,no,,,,,no,,,,,no,,,,,no,,,,,no,,,,,no,,,no,,no,no,Jun Hu,http://www.pnas.org/content/suppl/2015/02/18/1424035112.DCSupplemental/pnas.1424035112.sapp.pdf
127,269,XBL-48,current,,127-XBL48,from base,unknown,unknown,continuous carbonate,unknown,unknown,"open forest, other",unknown,,no,no,350,stalagmite,unknown,,no,yes,Vienna-PDB,yes,,no,no,no,no,no,no,no,no,,,,,no,,,,,no,,,,,no,,,,,no,,,,,no,,,no,,no,no,Jun Hu,http://www.pnas.org/content/suppl/2015/02/18/1424035112.DCSupplemental/pnas.1424035112.sapp.pdf
127,270,XBL-65,current,,127-XBL65,from base,unknown,unknown,continuous carbonate,unknown,unknown,"open forest, other",unknown,,no,no,350,stalagmite,unknown,,no,yes,Vienna-PDB,yes,,no,no,no,no,no,no,no,no,,,,,no,,,,,no,,,,,no,,,,,no,,,,,no,,,no,,no,no,Jun Hu,http://www.pnas.org/content/suppl/2015/02/18/1424035112.DCSupplemental/pnas.1424035112.sapp.pdf
140,295,SB-10_2009,current,,140-SB10,from top,limestone,Pleistocene,continuous carbonate,unknown,unknown,"closed forest, evergreen broad leaf",unknown,150,,,1000,stalagmite,unknown,,no,yes,Vienna-PDB,yes,,no,no,no,no,no,no,no,no,,,,,no,,,,,no,,,,,no,,,,,no,,,,,no,,,no,,no,no,Jun Hu,https://www.ncdc.noaa.gov/paleo/study/10445
140,296,SB-26_2009,current,,140-SB26,from top,limestone,Pleistocene,continuous carbonate,unknown,unknown,"closed forest, evergreen broad leaf",unknown,150,,,1000,stalagmite,unknown,,no,yes,Vienna-PDB,yes,,no,no,no,no,no,no,no,no,,,,,no,,,,,no,,,,,no,,,,,no,,,,,no,,,no,,no,no,Jun Hu,https://www.ncdc.noaa.gov/paleo/study/10446
140,297,SB-27,current,,140-SB27,from top,limestone,Pleistocene,continuous carbonate,unknown,unknown,"closed forest, evergreen broad leaf",unknown,150,,,1000,stalagmite,unknown,,no,yes,Vienna-PDB,yes,,no,no,no,no,no,no,no,no,,,,,no,,,,,no,,,,,no,,,,,no,,,,,no,,,no,,no,no,Jun Hu,https://www.ncdc.noaa.gov/paleo/study/10447
140,298,SB-43,current,,140-SB43,from top,limestone,Pleistocene,continuous carbonate,unknown,unknown,"closed forest, evergreen broad leaf",unknown,150,,,1000,stalagmite,unknown,,no,yes,Vienna-PDB,yes,,no,no,no,no,no,no,no,no,,,,,no,,,,,no,,,,,no,,,,,no,,,,,no,,,no,,no,no,Jun Hu,https://www.ncdc.noaa.gov/paleo/study/10448
140,299,SB-44,current,,140-SB44,from top,limestone,Pleistocene,continuous carbonate,unknown,unknown,"closed forest, evergreen broad leaf",unknown,150,,,1000,stalagmite,unknown,,no,yes,Vienna-PDB,yes,,no,no,no,no,no,no,no,no,,,,,no,,,,,no,,,,,no,,,,,no,,,,,no,,,no,,no,no,Jun Hu,https://www.ncdc.noaa.gov/paleo/study/10449
140,300,SB-49,current,,140-SB49,from top,limestone,Pleistocene,continuous carbonate,unknown,unknown,"closed forest, evergreen broad leaf",unknown,150,,,1000,stalagmite,unknown,,no,yes,Vienna-PDB,yes,,no,no,no,no,no,no,no,no,,,,,no,,,,,no,,,,,no,,,,,no,,,,,no,,,no,,no,no,Jun Hu,https://www.ncdc.noaa.gov/paleo/study/10450
140,301,SB-12,current,,140-SB12,from top,limestone,Pleistocene,continuous carbonate,unknown,unknown,"closed forest, evergreen broad leaf",unknown,,,,1500,stalagmite,unknown,,no,yes,Vienna-PDB,unknown,,no,no,yes,no,unknown,no,no,no,,,,,no,,,,,no,,,,,no,,,,,no,,,,,no,,,no,,no,no,Hai Cheng,https://www.ncdc.noaa.gov/paleo/study/20450
140,302,SB-14,current,,140-SB14,from top,limestone,Pleistocene,continuous carbonate,unknown,unknown,"closed forest, evergreen broad leaf",unknown,,,,1500,stalagmite,unknown,,no,yes,Vienna-PDB,unknown,,no,no,yes,no,unknown,no,no,no,,,,,no,,,,,no,,,,,no,,,,,no,,,,,no,,,no,,no,no,Hai Cheng,https://www.ncdc.noaa.gov/paleo/study/20450
140,303,SB-32,current,,140-SB32,from top,limestone,Pleistocene,continuous carbonate,unknown,unknown,"closed forest, evergreen broad leaf",unknown,,,,1500,stalagmite,unknown,,no,yes,Vienna-PDB,unknown,,no,no,yes,no,unknown,no,no,no,,,,,no,,,,,no,,,,,no,,,,,no,,,,,no,,,no,,no,no,Hai Cheng,https://www.ncdc.noaa.gov/paleo/study/20450
140,304,SB-58,current,,140-SB58,from top,limestone,Pleistocene,continuous carbonate,unknown,unknown,"closed forest, evergreen broad leaf",unknown,,,,1500,stalagmite,unknown,,no,yes,Vienna-PDB,unknown,,no,no,yes,no,unknown,no,no,no,,,,,no,,,,,no,,,,,no,,,,,no,,,,,no,,,no,,no,no,Hai Cheng,https://www.ncdc.noaa.gov/paleo/study/20450
144,311,BTV21a,current,,144-BTV21A,from top,limestone,Precambrian,continuous carbonate,evergreen,forest,"closed forest, evergreen broad leaf",thick,,no,no,300,stalagmite,unknown,,yes,yes,Vienna-PDB,yes,,no,yes,no,no,no,no,no,yes,LA-ICP-MS,NIST SRM 612,Yes-author downsampled,running average/mean,yes,LA-ICP-MS,NIST SRM 612,Yes-author downsampled,running average/mean,yes,LA-ICP-MS,NIST SRM 612,Yes-author downsampled,running average/mean,no,,,,,no,,,,,no,,,yes,no,no,no,Vitor Azevedo; Francisco da Cruz,https://www.ncei.noaa.gov/access/paleo-search/study/21060
144,312,BT-2,current partially modified,694,144-BT2,from top,limestone,Precambrian,continuous carbonate,evergreen,forest,"closed forest, evergreen broad leaf",thick,,unknown,unknown,,stalagmite,unknown,,yes,yes,Vienna-PDB,no,,no,yes,no,no,no,no,no,no,,,,,no,,,,,no,,,,,no,,,,,no,,,,,no,,,no,,no,no,Nicolás M. Stríkis,
145,313,CC-1_2004,superseded,665,145-CC1,from top,dolomite limestone,mixed (see notes),continuous carbonate,sparse,unknown,urban / built up,thin,400,yes,yes,500,stalagmite,unknown,10,yes,yes,Vienna-PDB,unknown,,unknown,unknown,yes,unknown,unknown,unknown,unknown,no,,,,,no,,,,,no,,,,,no,,,,,no,,,,,no,,,no,,yes,no,Carlos Pérez-Mejías,
145,314,CC-5_2005,superseded,666,145-CC5,from top,dolomite limestone,mixed (see notes),continuous carbonate,sparse,unknown,urban / built up,thin,400,yes,yes,500,stalagmite,unknown,10,yes,yes,Vienna-PDB,unknown,,unknown,unknown,yes,unknown,unknown,unknown,unknown,no,,,,,no,,,,,no,,,,,no,,,,,no,,,,,no,,,no,,yes,no,Carlos Pérez-Mejías,
145,315,CC-28_2007,superseded,668,145-CC28,from top,dolomite limestone,mixed (see notes),continuous carbonate,sparse,unknown,urban / built up,thin,400,yes,yes,500,stalagmite,unknown,10,yes,yes,Vienna-PDB,unknown,,unknown,unknown,yes,unknown,unknown,unknown,unknown,no,,,,,no,,,,,no,,,,,no,,,,,no,,,,,no,,,no,,yes,no,Carlos Pérez-Mejías,
145,316,CC-1_2009,superseded,665,145-CC1,from top,dolomite limestone,mixed (see notes),continuous carbonate,sparse,unknown,urban / built up,thin,400,yes,yes,500,stalagmite,unknown,10,yes,yes,Vienna-PDB,unknown,,unknown,unknown,yes,unknown,unknown,unknown,unknown,no,,,,,no,,,,,no,,,,,no,,,,,no,,,,,no,,,no,,yes,no,Carlos Pérez-Mejías,
145,317,CC-5_2009,superseded,666,145-CC5,from top,dolomite limestone,mixed (see notes),continuous carbonate,sparse,unknown,urban / built up,thin,400,yes,yes,500,stalagmite,unknown,10,yes,yes,Vienna-PDB,unknown,,unknown,unknown,yes,unknown,unknown,unknown,unknown,no,,,,,no,,,,,no,,,,,no,,,,,no,,,,,no,,,no,,yes,no,Carlos Pérez-Mejías,
145,318,CC-7_2009,superseded,667,145-CC7,from top,dolomite limestone,mixed (see notes),continuous carbonate,sparse,unknown,urban / built up,thin,400,yes,yes,500,stalagmite,unknown,10,yes,yes,Vienna-PDB,unknown,,unknown,unknown,yes,unknown,unknown,unknown,unknown,no,,,,,no,,,,,no,,,,,no,,,,,no,,,,,no,,,no,,yes,no,Carlos Pérez-Mejías,
39,324,D8,current,,39-D8,from top,limestone,Pleistocene,continuous carbonate,unknown,unknown,"closed forest, evergreen broad leaf",unknown,,unknown,unknown,,stalagmite,unknown,,no,yes,Vienna-PDB,unknown,,no,no,no,no,no,no,no,no,,,,,no,,,,,no,,,,,no,,,,,no,,,,,no,,,no,,no,no,Hai Cheng,
202,425,MN1,current,,202-MN1,from top,dolomite limestone,Jurassic,continuous carbonate,unknown,unknown,herbaceous vegetation,unknown,1000,no,no,,stalagmite,unknown,,yes,yes,Vienna-PDB,unknown,,no,no,yes,no,no,no,no,no,,,,,no,,,,,no,,,,,no,,,,,no,,,,,no,,,no,,no,no,Andrea Columbu,
202,426,GG1,current,,202-GG1,from top,dolomite limestone,Jurassic,continuous carbonate,unknown,unknown,herbaceous vegetation,unknown,640,no,no,,stalagmite,unknown,,yes,yes,Vienna-PDB,unknown,,no,no,yes,no,no,no,no,no,,,,,no,,,,,no,,,,,no,,,,,no,,,,,no,,,no,,no,no,Andrea Columbu,
202,427,IS1,current,,202-IS1,from top,dolomite limestone,Jurassic,continuous carbonate,unknown,unknown,herbaceous vegetation,unknown,550,no,no,,stalagmite,unknown,,yes,yes,Vienna-PDB,unknown,,no,no,yes,no,no,no,no,no,,,,,no,,,,,no,,,,,no,,,,,no,,,,,no,,,no,,no,no,Andrea Columbu,
39,442,DA_2005,current,,39-DA,from top,limestone,Pleistocene,continuous carbonate,unknown,unknown,"closed forest, evergreen broad leaf",unknown,,unknown,unknown,500,stalagmite,unknown,,no,yes,Vienna-PDB,yes,,no,no,no,no,no,no,no,no,,,,,no,,,,,no,,,,,no,,,,,no,,,,,no,,,no,,no,no,Yassine Ait Brahim,
39,446,D4_2005,current partially modified,115; 701,39-D4,from top,limestone,Pleistocene,continuous carbonate,unknown,unknown,"closed forest, evergreen broad leaf",unknown,100,unknown,unknown,500,stalagmite,unknown,,no,yes,Vienna-PDB,yes,,no,no,no,no,no,no,no,no,,,,,no,,,,,no,,,,,no,,,,,no,,,,,no,,,no,,no,no,Yancun Cai,
10,447,JAR4,current partially modified,707,10-JAR4,from top,dolomite,unknown,continuous carbonate,deciduous,forest,"closed forest, other",patchy,10,no,yes,150,stalagmite,seasonal drip,10,yes,yes,Vienna-PDB,yes,,no,no,yes,no,no,no,no,no,,,,,no,,,,,no,,,,,no,,,,,no,,,,,no,,,no,,yes,yes,Valdir Felipe Novello,10.1594/PANGAEA.905143
10,448,JAR1,current,,10-JAR1,from top,dolomite,unknown,continuous carbonate,deciduous,forest,"closed forest, other",patchy,10,no,yes,150,stalagmite,seasonal drip,10,yes,yes,Vienna-PDB,yes,,no,no,yes,no,no,no,no,no,,,,,no,,,,,no,,,,,no,,,,,no,,,,,no,,,no,,yes,yes,Valdir Felipe Novello,10.1594/PANGAEA.905143
10,449,JAR_composite,current,,10-JAR-COMP,from top,dolomite,unknown,continuous carbonate,deciduous,forest,"closed forest, other",patchy,,no,yes,,composite,not applicable,10,no,yes,Vienna-PDB,yes,,unknown,unknown,unknown,unknown,unknown,unknown,unknown,no,,,,,no,,,,,no,,,,,no,,,,,no,,,,,no,,,no,,yes,no,Valdir Felipe Novello,10.1594/PANGAEA.905143
39,475,DA_2009,current partially modified,442,39-DA,from top,limestone,Pleistocene,continuous carbonate,unknown,unknown,"closed forest, evergreen broad leaf",unknown,,unknown,unknown,500,stalagmite,unknown,,no,yes,Vienna-PDB,yes,,no,no,no,no,no,no,no,no,,,,,no,,,,,no,,,,,no,,,,,no,,,,,no,,,no,,no,no,Yancun Cai,
140,482,SB3,current,,140-SB3,from top,limestone,Pleistocene,continuous carbonate,unknown,unknown,"closed forest, evergreen broad leaf",unknown,,,,1500,stalagmite,unknown,,no,yes,Vienna-PDB,unknown,,no,no,no,no,no,no,no,no,,,,,no,,,,,no,,,,,no,,,,,no,,,,,no,,,no,,no,no,Yassine Ait Brahim,https://www.ncdc.noaa.gov/paleo/study/8641
140,483,SB-10_2008,superseded,295,140-SB10,from top,limestone,Pleistocene,continuous carbonate,unknown,unknown,"closed forest, evergreen broad leaf",unknown,,,,1500,stalagmite,unknown,,no,yes,Vienna-PDB,unknown,,no,no,no,no,no,no,no,no,,,,,no,,,,,no,,,,,no,,,,,no,,,,,no,,,no,,no,no,Yassine Ait Brahim,https://www.ncdc.noaa.gov/paleo/study/8641
140,484,SB11,current,,140-SB11,from top,limestone,Pleistocene,continuous carbonate,unknown,unknown,"closed forest, evergreen broad leaf",unknown,,,,1500,stalagmite,unknown,,no,yes,Vienna-PDB,unknown,,no,no,no,no,no,no,no,no,,,,,no,,,,,no,,,,,no,,,,,no,,,,,no,,,no,,no,no,Yassine Ait Brahim,https://www.ncdc.noaa.gov/paleo/study/8641
140,485,SB22,current,,140-SB22,from top,limestone,Pleistocene,continuous carbonate,unknown,unknown,"closed forest, evergreen broad leaf",unknown,,,,1500,stalagmite,unknown,,no,yes,Vienna-PDB,unknown,,no,no,no,no,no,no,no,no,,,,,no,,,,,no,,,,,no,,,,,no,,,,,no,,,no,,no,no,Yassine Ait Brahim,https://www.ncdc.noaa.gov/paleo/study/8641
140,486,SB23,current,,140-SB23,from top,limestone,Pleistocene,continuous carbonate,unknown,unknown,"closed forest, evergreen broad leaf",unknown,,,,1500,stalagmite,unknown,,no,yes,Vienna-PDB,unknown,,no,no,no,no,no,no,no,no,,,,,no,,,,,no,,,,,no,,,,,no,,,,,no,,,no,,no,no,Yassine Ait Brahim,https://www.ncdc.noaa.gov/paleo/study/8641
140,487,SB24,current,,140-SB24,from top,limestone,Pleistocene,continuous carbonate,unknown,unknown,"closed forest, evergreen broad leaf",unknown,,,,1500,stalagmite,unknown,,no,yes,Vienna-PDB,unknown,,no,no,no,no,no,no,no,no,,,,,no,,,,,no,,,,,no,,,,,no,,,,,no,,,no,,no,no,Yassine Ait Brahim,https://www.ncdc.noaa.gov/paleo/study/8641
140,488,SB25-1,current,,140-SB251,from top,limestone,Pleistocene,continuous carbonate,unknown,unknown,"closed forest, evergreen broad leaf",unknown,,,,1500,stalagmite,unknown,,no,yes,Vienna-PDB,unknown,,no,no,no,no,no,no,no,no,,,,,no,,,,,no,,,,,no,,,,,no,,,,,no,,,no,,no,no,Yassine Ait Brahim,https://www.ncdc.noaa.gov/paleo/study/8641
140,489,SB25-2,current,,140-SB252,from top,limestone,Pleistocene,continuous carbonate,unknown,unknown,"closed forest, evergreen broad leaf",unknown,,,,1500,stalagmite,unknown,,no,yes,Vienna-PDB,unknown,,no,no,no,no,no,no,no,no,,,,,no,,,,,no,,,,,no,,,,,no,,,,,no,,,no,,no,no,Yassine Ait Brahim,https://www.ncdc.noaa.gov/paleo/study/8641
140,490,SB-26_2008,superseded,296,140-SB26,from top,limestone,Pleistocene,continuous carbonate,unknown,unknown,"closed forest, evergreen broad leaf",unknown,,,,1500,stalagmite,unknown,,no,yes,Vienna-PDB,unknown,,no,no,no,no,no,no,no,no,,,,,no,,,,,no,,,,,no,,,,,no,,,,,no,,,no,,no,no,Yassine Ait Brahim,https://www.ncdc.noaa.gov/paleo/study/8641
140,491,SB34,current,,140-SB34,from top,limestone,Pleistocene,continuous carbonate,unknown,unknown,"closed forest, evergreen broad leaf",unknown,,,,1500,stalagmite,unknown,,no,yes,Vienna-PDB,unknown,,no,no,no,no,no,no,no,no,,,,,no,,,,,no,,,,,no,,,,,no,,,,,no,,,no,,no,no,Yassine Ait Brahim,https://www.ncdc.noaa.gov/paleo/study/8641
140,492,SB41,current,,140-SB41,from top,limestone,Pleistocene,continuous carbonate,unknown,unknown,"closed forest, evergreen broad leaf",unknown,,,,1500,stalagmite,unknown,,no,yes,Vienna-PDB,unknown,,no,no,no,no,no,no,no,no,,,,,no,,,,,no,,,,,no,,,,,no,,,,,no,,,no,,no,no,Yassine Ait Brahim,https://www.ncdc.noaa.gov/paleo/study/8641
140,493,SB42,current,,140-SB42,from top,limestone,Pleistocene,continuous carbonate,unknown,unknown,"closed forest, evergreen broad leaf",unknown,,,,1500,stalagmite,unknown,,no,yes,Vienna-PDB,unknown,,no,no,no,no,no,no,no,no,,,,,no,,,,,no,,,,,no,,,,,no,,,,,no,,,no,,no,no,Yassine Ait Brahim,https://www.ncdc.noaa.gov/paleo/study/8641
140,494,TF,current,,140-TF,from top,limestone,Pleistocene,continuous carbonate,unknown,unknown,"closed forest, evergreen broad leaf",unknown,,,,1500,stalagmite,unknown,,no,yes,Vienna-PDB,unknown,,no,no,no,no,no,no,no,no,,,,,no,,,,,no,,,,,no,,,,,no,,,,,no,,,no,,no,no,Yassine Ait Brahim,https://www.ncdc.noaa.gov/paleo/study/8641
275,583,BG41,current,,275-BG41,from top,limestone,Jurassic,continuous carbonate,shrubland,forest,herbaceous vegetation,thin,50,no,no,34,stalagmite,unknown,,yes,yes,Vienna-PDB,unknown,,no,no,yes,no,no,no,no,no,,,,,no,,,,,no,,,,,no,,,,,no,,,,,no,,,no,,no,no,Rhawn Denniston,
275,584,BG66,current,,275-BG66,from top,limestone,Jurassic,continuous carbonate,shrubland,forest,herbaceous vegetation,thin,50,no,no,34,stalagmite,unknown,,yes,yes,Vienna-PDB,unknown,,no,no,yes,no,no,no,no,no,,,,,no,,,,,no,,,,,no,,,,,no,,,,,no,,,no,,no,no,Rhawn Denniston,
275,585,BG67,current,,275-BG67,from top,limestone,Jurassic,continuous carbonate,shrubland,forest,herbaceous vegetation,thin,50,no,no,34,stalagmite,unknown,,yes,yes,Vienna-PDB,unknown,,no,no,yes,no,no,no,no,no,,,,,no,,,,,no,,,,,no,,,,,no,,,,,no,,,no,,no,no,Rhawn Denniston,
275,586,BG611,current,,275-BG611,from top,limestone,Jurassic,continuous carbonate,shrubland,forest,herbaceous vegetation,thin,50,no,no,34,stalagmite,unknown,,yes,yes,Vienna-PDB,unknown,,no,no,yes,no,no,no,no,no,,,,,no,,,,,no,,,,,no,,,,,no,,,,,no,,,no,,no,no,Rhawn Denniston,
275,587,BG6LR,current,,275-BG6LR,from top,limestone,Jurassic,continuous carbonate,shrubland,forest,herbaceous vegetation,thin,50,no,no,34,stalagmite,unknown,,yes,yes,Vienna-PDB,unknown,,no,no,yes,no,no,no,no,no,,,,,no,,,,,no,,,,,no,,,,,no,,,,,no,,,no,,no,no,Rhawn Denniston,
277,597,P00-H2,current,,277-P00H2,from top,dolomite limestone,Triassic,continuous carbonate,unknown,unknown,herbaceous vegetation,unknown,,no,no,650,stalagmite,unknown,,yes,yes,Vienna-PDB,unknown,,no,no,no,no,no,no,no,no,,,,,no,,,,,no,,,,,no,,,,,no,,,,,no,,,no,,no,no,Chris Brierley,https://www.ncdc.noaa.gov/paleo/study/16405
277,598,P00-H1,current,,277-P00H1,from top,dolomite limestone,Triassic,continuous carbonate,unknown,unknown,herbaceous vegetation,unknown,,no,no,650,stalagmite,unknown,,yes,yes,Vienna-PDB,unknown,,no,no,no,no,no,no,no,no,,,,,no,,,,,no,,,,,no,,,,,no,,,,,no,,,no,,no,no,Chris Brierley,https://www.ncdc.noaa.gov/paleo/study/16405
277,599,P09-H1b,current,,277-P09H1B,from top,dolomite limestone,Triassic,continuous carbonate,unknown,unknown,herbaceous vegetation,unknown,300,no,no,1100,stalagmite,seepage flow,,no,yes,Vienna-PDB,no,,no,no,no,no,no,no,no,no,,,,,no,,,,,no,,,,,no,,,,,no,,,,,no,,,no,,no,no,Nick Scroxton,
277,600,P10-H5,current,,277-P10H5,from top,dolomite limestone,Triassic,continuous carbonate,unknown,unknown,herbaceous vegetation,unknown,300,no,no,1100,stalagmite,seepage flow,,no,yes,Vienna-PDB,no,,no,no,no,no,no,no,no,no,,,,,no,,,,,no,,,,,no,,,,,no,,,,,no,,,no,,no,no,Nick Scroxton,
277,601,P10-H2,current,,277-P10H2,from top,dolomite limestone,Triassic,continuous carbonate,unknown,unknown,herbaceous vegetation,unknown,300,no,no,1100,stalagmite,seepage flow,,no,yes,Vienna-PDB,no,,no,no,no,no,no,no,no,no,,,,,no,,,,,no,,,,,no,,,,,no,,,,,no,,,no,,no,no,Nick Scroxton,
277,602,PeruMIS6Composite,current,,277-PERUMIS6-COMP,from top,dolomite limestone,Triassic,continuous carbonate,unknown,unknown,herbaceous vegetation,unknown,,no,no,,composite,not applicable,,no,yes,Vienna-PDB,no,,no,no,no,no,no,no,no,no,,,,,no,,,,,no,,,,,no,,,,,no,,,,,no,,,no,,no,no,Nick Scroxton,
24,603,LSF15,current,,24-LSF15,from top,limestone,Precambrian,discontinuous carbonate,deciduous,mixed (see notes),herbaceous vegetation,patchy,20,no,no,,stalagmite,unknown,3,yes,yes,Vienna-PDB,unknown,,no,yes,no,no,no,no,no,no,,,,,no,,,,,no,,,,,no,,,,,no,,,,,no,,,no,,no,no,Nicolás M. Stríkis; Vitor Azevedo,
24,604,LSF3_2018,current partially modified,92,24-LSF3,from top,limestone,Precambrian,discontinuous carbonate,deciduous,mixed (see notes),herbaceous vegetation,patchy,20,no,no,,stalagmite,unknown,3,yes,yes,Vienna-PDB,unknown,,no,yes,no,no,no,no,no,no,,,,,no,,,,,no,,,,,no,,,,,no,,,,,yes,unknown,SrCO3 (NIST SRM 987),no,no,no,no,Nicolás M. Stríkis; Vitor Azevedo,
24,605,LSF13,current partially modified,708; 711,24-LSF13,from top,limestone,Precambrian,discontinuous carbonate,deciduous,mixed (see notes),herbaceous vegetation,patchy,20,,,,stalagmite,unknown,,no,yes,Vienna-PDB,unknown,,no,yes,no,no,no,no,no,no,,,,,no,,,,,no,,,,,no,,,,,no,,,,,no,,,no,,no,no,Nicolás M. Stríkis,
24,606,LSF11,current,,24-LSF11,from top,limestone,Precambrian,discontinuous carbonate,deciduous,mixed (see notes),herbaceous vegetation,patchy,20,no,no,,stalagmite,unknown,3,no,yes,Vienna-PDB,unknown,,no,yes,no,no,no,no,no,no,,,,,no,,,,,no,,,,,no,,,,,no,,,,,no,,,no,,no,no,Nicolás M. Stríkis,
24,607,LSF9,current,,24-LSF9,from top,limestone,Precambrian,discontinuous carbonate,deciduous,mixed (see notes),herbaceous vegetation,patchy,20,no,no,,stalagmite,unknown,3,no,yes,Vienna-PDB,unknown,,no,yes,no,no,no,no,no,no,,,,,no,,,,,no,,,,,no,,,,,no,,,,,no,,,no,,no,no,Nicolás M. Stríkis,
145,665,CC-1_2018,current,,145-CC1,from top,dolomite limestone,mixed (see notes),continuous carbonate,sparse,unknown,urban / built up,thin,400,yes,yes,500,stalagmite,unknown,10,yes,yes,Vienna-PDB,unknown,,unknown,unknown,unknown,unknown,unknown,unknown,unknown,no,,,,,no,,,,,no,,,,,no,,,,,no,,,,,no,,,no,,yes,no,"Carlos Pérez-Mejías, Belen Martrat",
145,666,CC-5_2018,current,,145-CC5,from top,dolomite limestone,mixed (see notes),continuous carbonate,sparse,unknown,urban / built up,thin,400,yes,yes,500,stalagmite,unknown,10,yes,yes,Vienna-PDB,unknown,,unknown,unknown,unknown,unknown,unknown,unknown,unknown,no,,,,,no,,,,,no,,,,,no,,,,,no,,,,,no,,,no,,yes,no,"Carlos Pérez-Mejías, Belen Martrat",
145,667,CC-7_2018,current,,145-CC7,from top,dolomite limestone,mixed (see notes),continuous carbonate,sparse,unknown,urban / built up,thin,400,yes,yes,500,stalagmite,unknown,10,yes,yes,Vienna-PDB,unknown,,unknown,unknown,unknown,unknown,unknown,unknown,unknown,no,,,,,no,,,,,no,,,,,no,,,,,no,,,,,no,,,no,,yes,no,"Carlos Pérez-Mejías, Belen Martrat",
145,668,CC-28_2018,current,,145-CC28,from top,dolomite limestone,mixed (see notes),continuous carbonate,sparse,unknown,urban / built up,thin,400,yes,yes,500,stalagmite,unknown,10,yes,yes,Vienna-PDB,unknown,,unknown,unknown,unknown,unknown,unknown,unknown,unknown,no,,,,,no,,,,,no,,,,,no,,,,,no,,,,,no,,,no,,yes,no,"Carlos Pérez-Mejías, Belen Martrat",
145,669,CC_stack,current,,145-CCSTACK-COMP,from top,dolomite limestone,mixed (see notes),continuous carbonate,sparse,unknown,urban / built up,thin,400,yes,yes,500,composite,not applicable,10,yes,yes,Vienna-PDB,unknown,,unknown,unknown,unknown,unknown,unknown,unknown,unknown,no,,,,,no,,,,,no,,,,,no,,,,,no,,,,,no,,,no,,yes,no,Belen Martrat,
145,670,CC27,current,,145-CC27,from top,dolomite limestone,mixed (see notes),continuous carbonate,sparse,unknown,urban / built up,thin,,yes,yes,500,stalagmite,unknown,10,yes,yes,Vienna-PDB,unknown,,unknown,unknown,unknown,unknown,unknown,unknown,unknown,no,,,,,no,,,,,no,,,,,no,,,,,no,,,,,no,,,no,,yes,no,Belen Martrat,
144,694,BT-2_2007,current partially modified,312,144-BT2,from top,limestone,unknown,continuous carbonate,evergreen,forest,"closed forest, evergreen broad leaf",thick,,no,no,,stalagmite,unknown,,yes,yes,Vienna-PDB,unknown,,no,no,no,no,no,no,no,yes,Electron Microprobe (EPMA),unknown,No-not applicable,,yes,Electron Microprobe (EPMA),unknown,No-not applicable,,no,,,,,no,,,,,no,,,,,no,,,no,no,no,no,Valdir Novello,
145,695,CD3-1_HR,current partially modified,696,145-CD31,from top,dolomite limestone,mixed (see notes),continuous carbonate,sparse,unknown,urban / built up,thin,400,yes,yes,500,flowstone,unknown,10,no,yes,Vienna-PDB,unknown,,no,no,no,no,no,no,no,no,,,,,yes,LA-ICP-MS,NIST SRM 610,Yes-author downsampled,other (see notes),no,,,,,no,,,,,no,,,,,no,,,yes,no,yes,no,Andrea Columbu,
145,696,CD3-1_LR,current partially modified,695,145-CD31,from top,dolomite limestone,mixed (see notes),continuous carbonate,sparse,unknown,urban / built up,thin,400,yes,yes,500,flowstone,unknown,10,yes,yes,Vienna-PDB,unknown,,no,no,no,no,no,no,no,no,,,,,yes,solution ICP-MS,NIST SRM 610,No-aliquots of same powder used for stable isotope and trace element measurements,,no,,,,,no,,,,,no,,,,,no,,,yes,no,yes,no,Andrea Columbu,
39,700,D3_2005,current partially modified,114,39-D3,from top,limestone,Pleistocene,continuous carbonate,unknown,unknown,"closed forest, evergreen broad leaf",unknown,100,unknown,unknown,300,stalagmite,unknown,,no,yes,Vienna-PDB,yes,,no,no,no,no,no,no,no,no,,,,,no,,,,,no,,,,,no,,,,,no,,,,,no,,,no,,no,no,Jun Hu,
39,701,D4_2005_Kelly,current partially modified,446,39-D4,from top,limestone,Pleistocene,continuous carbonate,unknown,unknown,"closed forest, evergreen broad leaf",unknown,100,unknown,unknown,500,stalagmite,unknown,,no,yes,Vienna-PDB,yes,,no,no,no,no,no,no,no,no,,,,,no,,,,,no,,,,,no,,,,,no,,,,,no,,,no,,no,no,Jun Hu,
10,707,JAR2,current partially modified,447,10-JAR2,from top,dolomite,unknown,continuous carbonate,deciduous,forest,"closed forest, other",patchy,,no,yes,,stalagmite,unknown,10,yes,yes,Vienna-PDB,yes,,no,no,no,no,no,no,no,no,,,,,no,,,,,no,,,,,no,,,,,no,,,,,no,,,no,,yes,no,Valdir Felipe Novello,10.1594/PANGAEA.905143
24,708,LSF13_2018,current partially modified,711,24-LSF13,from top,limestone,Precambrian,discontinuous carbonate,deciduous,mixed (see notes),herbaceous vegetation,patchy,20,no,no,,stalagmite,unknown,3,no,yes,Vienna-PDB,unknown,,no,yes,no,no,no,no,no,no,,,,,no,,,,,no,,,,,no,,,,,no,,,,,no,,,no,,no,no,Nicolás M. Stríkis,
24,709,LSF19,current,,24-LSF19,from top,limestone,Precambrian,discontinuous carbonate,deciduous,mixed (see notes),herbaceous vegetation,patchy,20,no,no,,stalagmite,unknown,3,yes,yes,Vienna-PDB,unknown,,no,no,no,no,no,no,no,no,,,,,no,,,,,no,,,,,no,,,,,no,,,,,yes,unknown,SrCO3 (NIST SRM 987),no,no,no,yes,Vitor Azevedo,
24,710,LSF17,current,,24-LSF17,from top,limestone,Precambrian,discontinuous carbonate,deciduous,mixed (see notes),herbaceous vegetation,patchy,20,no,no,,stalagmite,unknown,3,yes,yes,Vienna-PDB,unknown,,no,no,no,no,no,no,no,no,,,,,no,,,,,no,,,,,no,,,,,no,,,,,no,,,no,,no,yes,Vitor Azevedo,
24,711,LSF13_2021,current partially modified,708,24-LSF13,from top,limestone,Precambrian,discontinuous carbonate,deciduous,mixed (see notes),herbaceous vegetation,patchy,20,no,no,,stalagmite,unknown,3,no,yes,Vienna-PDB,unknown,,no,yes,no,no,no,no,no,no,,,,,no,,,,,no,,,,,no,,,,,no,,,,,no,,,no,,no,no,Nicolás M. Stríkis; Vitor Azevedo,
58,729,SPA121_2021,current partially modified,261,58-SPA121,from top,marble,Jurassic,continuous carbonate,other (see notes),other (see notes),bare / sparse vegetation,patchy,20,unknown,other (see notes),,stalagmite,unknown,,yes,yes,Vienna-PDB,unknown,,no,no,yes,no,no,no,no,no,,,,,no,,,,,no,,,,,no,,,,,no,,,,,no,,,no,,no,yes,Vanessa Skiba,https://www.ncei.noaa.gov/access/paleo-search/study/33653
58,730,SPA146,current,,58-SPA146,from top,marble,Jurassic,continuous carbonate,other (see notes),other (see notes),bare / sparse vegetation,patchy,20,unknown,other (see notes),,stalagmite,unknown,,no,yes,Vienna-PDB,unknown,,no,no,yes,no,no,no,no,no,,,,,no,,,,,no,,,,,no,,,,,no,,,,,no,,,no,,no,yes,Vanessa Skiba,https://www.ncei.noaa.gov/access/paleo-search/study/33653
58,731,SPA183,current,,58-SPA183,from top,marble,Jurassic,continuous carbonate,other (see notes),other (see notes),bare / sparse vegetation,patchy,20,unknown,other (see notes),,stalagmite,unknown,,no,yes,Vienna-PDB,unknown,,no,no,yes,no,no,no,no,no,,,,,no,,,,,no,,,,,no,,,,,no,,,,,no,,,no,,no,yes,Vanessa Skiba,https://www.ncei.noaa.gov/access/paleo-search/study/33653
58,732,SPA127_2023,current partially modified,141,58-SPA127,from top,marble,Jurassic,continuous carbonate,other (see notes),other (see notes),bare / sparse vegetation,patchy,20,unknown,other (see notes),,stalagmite,unknown,,yes,yes,Vienna-PDB,unknown,,no,no,no,no,no,yes,no,no,,,,,no,,,,,no,,,,,no,,,,,no,,,,,no,,,no,,no,no,"Jens Fohlmeister, Franziska Lechleitner",
140,846,SB61,current,,140-SB61,from top,limestone,Pleistocene,continuous carbonate,unknown,unknown,"closed forest, evergreen broad leaf",unknown,150,unknown,unknown,,stalagmite,unknown,,no,yes,Vienna-PDB,unknown,,unknown,unknown,unknown,unknown,unknown,unknown,unknown,no,,,,,no,,,,,no,,,,,no,,,,,no,,,,,no,,,no,,no,no,Nikita Kaushal,https://www.ncei.noaa.gov/access/paleo-search/study/8636
