stage,property,value,source,status,assignment
1,PeriodBeginning,14.5,Railsback2015,LeadingAssignment,assign_railsback2015_MIS_1_begin
2,PeriodBeginning,35.0,Railsback2015,LeadingAssignment,assign_railsback2015_MIS_2_begin
2,PeriodEnd,14.5,Railsback2015,LeadingAssignment,assign_railsback2015_MIS_2_end
3a,PeriodBeginning,39.0,Railsback2015,LeadingAssignment,assign_railsback2015_MIS_3a_begin
3a,PeriodEnd,35.0,Railsback2015,LeadingAssignment,assign_railsback2015_MIS_3a_end
3b,PeriodBeginning,44.3,Railsback2015,LeadingAssignment,assign_railsback2015_MIS_3b_begin
3b,PeriodEnd,39.0,Railsback2015,LeadingAssignment,assign_railsback2015_MIS_3b_end
3,PeriodBeginning,57.3,Railsback2015,LeadingAssignment,assign_railsback2015_MIS_3_begin
3,PeriodEnd,35.0,Railsback2015,LeadingAssignment,assign_railsback2015_MIS_3_end
3c,PeriodBeginning,57.3,Railsback2015,LeadingAssignment,assign_railsback2015_MIS_3c_begin
3c,PeriodEnd,44.3,Railsback2015,LeadingAssignment,assign_railsback2015_MIS_3c_end
4,PeriodBeginning,72.7,Railsback2015,LeadingAssignment,assign_railsback2015_MIS_4_begin
4,PeriodEnd,57.3,Railsback2015,LeadingAssignment,assign_railsback2015_MIS_4_end
5a,PeriodBeginning,85.7,Railsback2015,LeadingAssignment,assign_railsback2015_MIS_5a_begin
5a,PeriodEnd,72.7,Railsback2015,LeadingAssignment,assign_railsback2015_MIS_5a_end
5b,PeriodBeginning,92.0,Railsback2015,LeadingAssignment,assign_railsback2015_MIS_5b_begin
5b,PeriodEnd,85.7,Railsback2015,LeadingAssignment,assign_railsback2015_MIS_5b_end
5c,PeriodBeginning,106.8,Railsback2015,LeadingAssignment,assign_railsback2015_MIS_5c_begin
5c,PeriodEnd,92.0,Railsback2015,LeadingAssignment,assign_railsback2015_MIS_5c_end
5d,PeriodBeginning,116.2,Railsback2015,LeadingAssignment,assign_railsback2015_MIS_5d_begin
5d,PeriodEnd,106.8,Railsback2015,LeadingAssignment,assign_railsback2015_MIS_5d_end
5,PeriodBeginning,132.2,Railsback2015,LeadingAssignment,assign_railsback2015_MIS_5_begin
5,PeriodEnd,72.7,Railsback2015,LeadingAssignment,assign_railsback2015_MIS_5_end
5e,PeriodBeginning,132.2,Railsback2015,LeadingAssignment,assign_railsback2015_MIS_5e_begin
5e,PeriodEnd,116.2,Railsback2015,LeadingAssignment,assign_railsback2015_MIS_5e_end
6a,PeriodBeginning,141.3,Railsback2015,LeadingAssignment,assign_railsback2015_MIS_6a_begin
6a,PeriodEnd,132.2,Railsback2015,LeadingAssignment,assign_railsback2015_MIS_6a_end
6b,PeriodBeginning,156.1,Railsback2015,LeadingAssignment,assign_railsback2015_MIS_6b_begin
6b,PeriodEnd,141.3,Railsback2015,LeadingAssignment,assign_railsback2015_MIS_6b_end
6c,PeriodBeginning,165.9,Railsback2015,LeadingAssignment,assign_railsback2015_MIS_6c_begin
6c,PeriodEnd,156.1,Railsback2015,LeadingAssignment,assign_railsback2015_MIS_6c_end
6d,PeriodBeginning,176.0,Railsback2015,LeadingAssignment,assign_railsback2015_MIS_6d_begin
6d,PeriodEnd,165.9,Railsback2015,LeadingAssignment,assign_railsback2015_MIS_6d_end
6,PeriodBeginning,190.4,Railsback2015,LeadingAssignment,assign_railsback2015_MIS_6_begin
6,PeriodEnd,132.2,Railsback2015,LeadingAssignment,assign_railsback2015_MIS_6_end
6e,PeriodBeginning,190.4,Railsback2015,LeadingAssignment,assign_railsback2015_MIS_6e_begin
6e,PeriodEnd,176.0,Railsback2015,LeadingAssignment,assign_railsback2015_MIS_6e_end
7a,PeriodBeginning,204.1,Railsback2015,LeadingAssignment,assign_railsback2015_MIS_7a_begin
7a,PeriodEnd,190.4,Railsback2015,LeadingAssignment,assign_railsback2015_MIS_7a_end
7b,PeriodBeginning,208.2,Railsback2015,LeadingAssignment,assign_railsback2015_MIS_7b_begin
7b,PeriodEnd,204.1,Railsback2015,LeadingAssignment,assign_railsback2015_MIS_7b_end
7c,PeriodBeginning,219.7,Railsback2015,LeadingAssignment,assign_railsback2015_MIS_7c_begin
7c,PeriodEnd,208.2,Railsback2015,LeadingAssignment,assign_railsback2015_MIS_7c_end
7d,PeriodBeginning,234.1,Railsback2015,LeadingAssignment,assign_railsback2015_MIS_7d_begin
7d,PeriodEnd,219.7,Railsback2015,LeadingAssignment,assign_railsback2015_MIS_7d_end
7,PeriodBeginning,244.0,Railsback2015,LeadingAssignment,assign_railsback2015_MIS_7_begin
7,PeriodEnd,190.4,Railsback2015,LeadingAssignment,assign_railsback2015_MIS_7_end
7e,PeriodBeginning,244.0,Railsback2015,LeadingAssignment,assign_railsback2015_MIS_7e_begin
7e,PeriodEnd,234.1,Railsback2015,LeadingAssignment,assign_railsback2015_MIS_7e_end
8a,PeriodBeginning,254.2,Railsback2015,LeadingAssignment,assign_railsback2015_MIS_8a_begin
8a,PeriodEnd,244.0,Railsback2015,LeadingAssignment,assign_railsback2015_MIS_8a_end
8b,PeriodBeginning,269.0,Railsback2015,LeadingAssignment,assign_railsback2015_MIS_8b_begin
8b,PeriodEnd,254.2,Railsback2015,LeadingAssignment,assign_railsback2015_MIS_8b_end
8,PeriodBeginning,279.0,Railsback2015,LeadingAssignment,assign_railsback2015_MIS_8_begin
8,PeriodEnd,244.0,Railsback2015,LeadingAssignment,assign_railsback2015_MIS_8_end
8c,PeriodBeginning,279.0,Railsback2015,LeadingAssignment,assign_railsback2015_MIS_8c_begin
8c,PeriodEnd,269.0,Railsback2015,LeadingAssignment,assign_railsback2015_MIS_8c_end
9a,PeriodBeginning,291.1,Railsback2015,LeadingAssignment,assign_railsback2015_MIS_9a_begin
9a,PeriodEnd,279.0,Railsback2015,LeadingAssignment,assign_railsback2015_MIS_9a_end
9b,PeriodBeginning,307.8,Railsback2015,LeadingAssignment,assign_railsback2015_MIS_9b_begin
9b,PeriodEnd,291.1,Railsback2015,LeadingAssignment,assign_railsback2015_MIS_9b_end
9c,PeriodBeginning,317.0,Railsback2015,LeadingAssignment,assign_railsback2015_MIS_9c_begin
9c,PeriodEnd,307.8,Railsback2015,LeadingAssignment,assign_railsback2015_MIS_9c_end
9d,PeriodBeginning,318.4,Railsback2015,LeadingAssignment,assign_railsback2015_MIS_9d_begin
9d,PeriodEnd,317.0,Railsback2015,LeadingAssignment,assign_railsback2015_MIS_9d_end
9,PeriodBeginning,337.0,Railsback2015,LeadingAssignment,assign_railsback2015_MIS_9_begin
9,PeriodEnd,279.0,Railsback2015,LeadingAssignment,assign_railsback2015_MIS_9_end
9e,PeriodBeginning,337.0,Railsback2015,LeadingAssignment,assign_railsback2015_MIS_9e_begin
9e,PeriodEnd,318.4,Railsback2015,LeadingAssignment,assign_railsback2015_MIS_9e_end
10a,PeriodBeginning,346.1,Railsback2015,LeadingAssignment,assign_railsback2015_MIS_10a_begin
10a,PeriodEnd,337.0,Railsback2015,LeadingAssignment,assign_railsback2015_MIS_10a_end
10b,PeriodBeginning,354.9,Railsback2015,LeadingAssignment,assign_railsback2015_MIS_10b_begin
10b,PeriodEnd,346.1,Railsback2015,LeadingAssignment,assign_railsback2015_MIS_10b_end
10,PeriodBeginning,365.4,Railsback2015,LeadingAssignment,assign_railsback2015_MIS_10_begin
10,PeriodEnd,337.0,Railsback2015,LeadingAssignment,assign_railsback2015_MIS_10_end
10c,PeriodBeginning,365.4,Railsback2015,LeadingAssignment,assign_railsback2015_MIS_10c_begin
10c,PeriodEnd,354.9,Railsback2015,LeadingAssignment,assign_railsback2015_MIS_10c_end
11a,PeriodBeginning,389.9,Railsback2015,LeadingAssignment,assign_railsback2015_MIS_11a_begin
11a,PeriodEnd,365.4,Railsback2015,LeadingAssignment,assign_railsback2015_MIS_11a_end
11b,PeriodBeginning,396.0,Railsback2015,LeadingAssignment,assign_railsback2015_MIS_11b_begin
11b,PeriodEnd,389.9,Railsback2015,LeadingAssignment,assign_railsback2015_MIS_11b_end
11c,PeriodBeginning,417.1,Railsback2015,LeadingAssignment,assign_railsback2015_MIS_11c_begin
11c,PeriodEnd,396.0,Railsback2015,LeadingAssignment,assign_railsback2015_MIS_11c_end
11d,PeriodBeginning,420.0,Railsback2015,LeadingAssignment,assign_railsback2015_MIS_11d_begin
11d,PeriodEnd,417.1,Railsback2015,LeadingAssignment,assign_railsback2015_MIS_11d_end
11,PeriodBeginning,428.3,Railsback2015,LeadingAssignment,assign_railsback2015_MIS_11_begin
11,PeriodEnd,365.4,Railsback2015,LeadingAssignment,assign_railsback2015_MIS_11_end
11e,PeriodBeginning,428.3,Railsback2015,LeadingAssignment,assign_railsback2015_MIS_11e_begin
11e,PeriodEnd,420.0,Railsback2015,LeadingAssignment,assign_railsback2015_MIS_11e_end
12a,PeriodBeginning,436.7,Railsback2015,LeadingAssignment,assign_railsback2015_MIS_12a_begin
12a,PeriodEnd,428.3,Railsback2015,LeadingAssignment,assign_railsback2015_MIS_12a_end
12b,PeriodBeginning,455.9,Railsback2015,LeadingAssignment,assign_railsback2015_MIS_12b_begin
12b,PeriodEnd,436.7,Railsback2015,LeadingAssignment,assign_railsback2015_MIS_12b_end
12,PeriodBeginning,476.9,Railsback2015,LeadingAssignment,assign_railsback2015_MIS_12_begin
12,PeriodEnd,428.3,Railsback2015,LeadingAssignment,assign_railsback2015_MIS_12_end
12c,PeriodBeginning,476.9,Railsback2015,LeadingAssignment,assign_railsback2015_MIS_12c_begin
12c,PeriodEnd,455.9,Railsback2015,LeadingAssignment,assign_railsback2015_MIS_12c_end
13a,PeriodBeginning,505.6,Railsback2015,LeadingAssignment,assign_railsback2015_MIS_13a_begin
13a,PeriodEnd,476.9,Railsback2015,LeadingAssignment,assign_railsback2015_MIS_13a_end
13b,PeriodBeginning,516.3,Railsback2015,LeadingAssignment,assign_railsback2015_MIS_13b_begin
13b,PeriodEnd,505.6,Railsback2015,LeadingAssignment,assign_railsback2015_MIS_13b_end
13,PeriodBeginning,533.5,Railsback2015,LeadingAssignment,assign_railsback2015_MIS_13_begin
13,PeriodEnd,476.9,Railsback2015,LeadingAssignment,assign_railsback2015_MIS_13_end
13c,PeriodBeginning,533.5,Railsback2015,LeadingAssignment,assign_railsback2015_MIS_13c_begin
13c,PeriodEnd,516.3,Railsback2015,LeadingAssignment,assign_railsback2015_MIS_13c_end
14a,PeriodBeginning,541.2,Railsback2015,LeadingAssignment,assign_railsback2015_MIS_14a_begin
14a,PeriodEnd,533.5,Railsback2015,LeadingAssignment,assign_railsback2015_MIS_14a_end
14b,PeriodBeginning,545.9,Railsback2015,LeadingAssignment,assign_railsback2015_MIS_14b_begin
14b,PeriodEnd,541.2,Railsback2015,LeadingAssignment,assign_railsback2015_MIS_14b_end
14c,PeriodBeginning,553.0,Railsback2015,LeadingAssignment,assign_railsback2015_MIS_14c_begin
14c,PeriodEnd,545.9,Railsback2015,LeadingAssignment,assign_railsback2015_MIS_14c_end
14,PeriodBeginning,563.9,Railsback2015,LeadingAssignment,assign_railsback2015_MIS_14_begin
14,PeriodEnd,533.5,Railsback2015,LeadingAssignment,assign_railsback2015_MIS_14_end
14d,PeriodBeginning,563.9,Railsback2015,LeadingAssignment,assign_railsback2015_MIS_14d_begin
14d,PeriodEnd,553.0,Railsback2015,LeadingAssignment,assign_railsback2015_MIS_14d_end
15a,PeriodBeginning,580.7,Railsback2015,LeadingAssignment,assign_railsback2015_MIS_15a_begin
15a,PeriodEnd,563.9,Railsback2015,LeadingAssignment,assign_railsback2015_MIS_15a_end
15b,PeriodBeginning,589.2,Railsback2015,LeadingAssignment,assign_railsback2015_MIS_15b_begin
15b,PeriodEnd,580.7,Railsback2015,LeadingAssignment,assign_railsback2015_MIS_15b_end
15c,PeriodBeginning,597.9,Railsback2015,LeadingAssignment,assign_railsback2015_MIS_15c_begin
15c,PeriodEnd,589.2,Railsback2015,LeadingAssignment,assign_railsback2015_MIS_15c_end
15d,PeriodBeginning,602.7,Railsback2015,LeadingAssignment,assign_railsback2015_MIS_15d_begin
15d,PeriodEnd,597.9,Railsback2015,LeadingAssignment,assign_railsback2015_MIS_15d_end
15,PeriodBeginning,622.4,Railsback2015,LeadingAssignment,assign_railsback2015_MIS_15_begin
15,PeriodEnd,563.9,Railsback2015,LeadingAssignment,assign_railsback2015_MIS_15_end
15e,PeriodBeginning,622.4,Railsback2015,LeadingAssignment,assign_railsback2015_MIS_15e_begin
15e,PeriodEnd,602.7,Railsback2015,LeadingAssignment,assign_railsback2015_MIS_15e_end
16a,PeriodBeginning,641.9,Railsback2015,LeadingAssignment,assign_railsback2015_MIS_16a_begin
16a,PeriodEnd,622.4,Railsback2015,LeadingAssignment,assign_railsback2015_MIS_16a_end
16b,PeriodBeginning,660.7,Railsback2015,LeadingAssignment,assign_railsback2015_MIS_16b_begin
16b,PeriodEnd,641.9,Railsback2015,LeadingAssignment,assign_railsback2015_MIS_16b_end
16,PeriodBeginning,676.9,Railsback2015,LeadingAssignment,assign_railsback2015_MIS_16_begin
16,PeriodEnd,622.4,Railsback2015,LeadingAssignment,assign_railsback2015_MIS_16_end
16c,PeriodBeginning,676.9,Railsback2015,LeadingAssignment,assign_railsback2015_MIS_16c_begin
16c,PeriodEnd,660.7,Railsback2015,LeadingAssignment,assign_railsback2015_MIS_16c_end
17a,PeriodBeginning,685.1,Railsback2015,LeadingAssignment,assign_railsback2015_MIS_17a_begin
17a,PeriodEnd,676.9,Railsback2015,LeadingAssignment,assign_railsback2015_MIS_17a_end
17b,PeriodBeginning,688.1,Railsback2015,LeadingAssignment,assign_railsback2015_MIS_17b_begin
17b,PeriodEnd,685.1,Railsback2015,LeadingAssignment,assign_railsback2015_MIS_17b_end
17c,PeriodBeginning,705.2,Railsback2015,LeadingAssignment,assign_railsback2015_MIS_17c_begin
17c,PeriodEnd,688.1,Railsback2015,LeadingAssignment,assign_railsback2015_MIS_17c_end
17d,PeriodBeginning,709.0,Railsback2015,LeadingAssignment,assign_railsback2015_MIS_17d_begin
17d,PeriodEnd,705.2,Railsback2015,LeadingAssignment,assign_railsback2015_MIS_17d_end
17,PeriodBeginning,714.7,Railsback2015,LeadingAssignment,assign_railsback2015_MIS_17_begin
17,PeriodEnd,676.9,Railsback2015,LeadingAssignment,assign_railsback2015_MIS_17_end
17e,PeriodBeginning,714.7,Railsback2015,LeadingAssignment,assign_railsback2015_MIS_17e_begin
17e,PeriodEnd,709.0,Railsback2015,LeadingAssignment,assign_railsback2015_MIS_17e_end
18a,PeriodBeginning,725.0,Railsback2015,LeadingAssignment,assign_railsback2015_MIS_18a_begin
18a,PeriodEnd,714.7,Railsback2015,LeadingAssignment,assign_railsback2015_MIS_18a_end
18b,PeriodBeginning,734.1,Railsback2015,LeadingAssignment,assign_railsback2015_MIS_18b_begin
18b,PeriodEnd,725.0,Railsback2015,LeadingAssignment,assign_railsback2015_MIS_18b_end
18c,PeriodBeginning,738.4,Railsback2015,LeadingAssignment,assign_railsback2015_MIS_18c_begin
18c,PeriodEnd,734.1,Railsback2015,LeadingAssignment,assign_railsback2015_MIS_18c_end
18d,PeriodBeginning,743.2,Railsback2015,LeadingAssignment,assign_railsback2015_MIS_18d_begin
18d,PeriodEnd,738.4,Railsback2015,LeadingAssignment,assign_railsback2015_MIS_18d_end
18,PeriodBeginning,757.2,Railsback2015,LeadingAssignment,assign_railsback2015_MIS_18_begin
18,PeriodEnd,714.7,Railsback2015,LeadingAssignment,assign_railsback2015_MIS_18_end
18e,PeriodBeginning,757.2,Railsback2015,LeadingAssignment,assign_railsback2015_MIS_18e_begin
18e,PeriodEnd,743.2,Railsback2015,LeadingAssignment,assign_railsback2015_MIS_18e_end
19a,PeriodBeginning,763.2,Railsback2015,LeadingAssignment,assign_railsback2015_MIS_19a_begin
19a,PeriodEnd,757.2,Railsback2015,LeadingAssignment,assign_railsback2015_MIS_19a_end
19b,PeriodBeginning,769.1,Railsback2015,LeadingAssignment,assign_railsback2015_MIS_19b_begin
19b,PeriodEnd,763.2,Railsback2015,LeadingAssignment,assign_railsback2015_MIS_19b_end
19,PeriodBeginning,790.9,Railsback2015,LeadingAssignment,assign_railsback2015_MIS_19_begin
19,PeriodEnd,757.2,Railsback2015,LeadingAssignment,assign_railsback2015_MIS_19_end
19c,PeriodBeginning,790.9,Railsback2015,LeadingAssignment,assign_railsback2015_MIS_19c_begin
19c,PeriodEnd,769.1,Railsback2015,LeadingAssignment,assign_railsback2015_MIS_19c_end
20a,PeriodBeginning,795.9,Railsback2015,LeadingAssignment,assign_railsback2015_MIS_20a_begin
20a,PeriodEnd,790.9,Railsback2015,LeadingAssignment,assign_railsback2015_MIS_20a_end
20b,PeriodBeginning,800.9,Railsback2015,LeadingAssignment,assign_railsback2015_MIS_20b_begin
20b,PeriodEnd,795.9,Railsback2015,LeadingAssignment,assign_railsback2015_MIS_20b_end
20c,PeriodBeginning,803.9,Railsback2015,LeadingAssignment,assign_railsback2015_MIS_20c_begin
20c,PeriodEnd,800.9,Railsback2015,LeadingAssignment,assign_railsback2015_MIS_20c_end
20,PeriodBeginning,812.3,Railsback2015,LeadingAssignment,assign_railsback2015_MIS_20_begin
20,PeriodEnd,790.9,Railsback2015,LeadingAssignment,assign_railsback2015_MIS_20_end
20d,PeriodBeginning,812.3,Railsback2015,LeadingAssignment,assign_railsback2015_MIS_20d_begin
20d,PeriodEnd,803.9,Railsback2015,LeadingAssignment,assign_railsback2015_MIS_20d_end
21a,PeriodBeginning,824.8,Railsback2015,LeadingAssignment,assign_railsback2015_MIS_21a_begin
21a,PeriodEnd,812.3,Railsback2015,LeadingAssignment,assign_railsback2015_MIS_21a_end
21b,PeriodBeginning,834.0,Railsback2015,LeadingAssignment,assign_railsback2015_MIS_21b_begin
21b,PeriodEnd,824.8,Railsback2015,LeadingAssignment,assign_railsback2015_MIS_21b_end
21c,PeriodBeginning,837.2,Railsback2015,LeadingAssignment,assign_railsback2015_MIS_21c_begin
21c,PeriodEnd,834.0,Railsback2015,LeadingAssignment,assign_railsback2015_MIS_21c_end
21d,PeriodBeginning,842.9,Railsback2015,LeadingAssignment,assign_railsback2015_MIS_21d_begin
21d,PeriodEnd,837.2,Railsback2015,LeadingAssignment,assign_railsback2015_MIS_21d_end
21e,PeriodBeginning,851.0,Railsback2015,LeadingAssignment,assign_railsback2015_MIS_21e_begin
21e,PeriodEnd,842.9,Railsback2015,LeadingAssignment,assign_railsback2015_MIS_21e_end
21f,PeriodBeginning,855.1,Railsback2015,LeadingAssignment,assign_railsback2015_MIS_21f_begin
21f,PeriodEnd,851.0,Railsback2015,LeadingAssignment,assign_railsback2015_MIS_21f_end
21,PeriodBeginning,867.0,Railsback2015,LeadingAssignment,assign_railsback2015_MIS_21_begin
21,PeriodEnd,812.3,Railsback2015,LeadingAssignment,assign_railsback2015_MIS_21_end
21g,PeriodBeginning,867.0,Railsback2015,LeadingAssignment,assign_railsback2015_MIS_21g_begin
21g,PeriodEnd,855.1,Railsback2015,LeadingAssignment,assign_railsback2015_MIS_21g_end
22,PeriodBeginning,881.2,Railsback2015,LeadingAssignment,assign_railsback2015_MIS_22_begin
22,PeriodEnd,867.0,Railsback2015,LeadingAssignment,assign_railsback2015_MIS_22_end
23a,PeriodBeginning,893.1,Railsback2015,LeadingAssignment,assign_railsback2015_MIS_23a_begin
23a,PeriodEnd,881.2,Railsback2015,LeadingAssignment,assign_railsback2015_MIS_23a_end
23b,PeriodBeginning,899.0,Railsback2015,LeadingAssignment,assign_railsback2015_MIS_23b_begin
23b,PeriodEnd,893.1,Railsback2015,LeadingAssignment,assign_railsback2015_MIS_23b_end
23,PeriodBeginning,917.7,Railsback2015,LeadingAssignment,assign_railsback2015_MIS_23_begin
23,PeriodEnd,881.2,Railsback2015,LeadingAssignment,assign_railsback2015_MIS_23_end
23c,PeriodBeginning,917.7,Railsback2015,LeadingAssignment,assign_railsback2015_MIS_23c_begin
23c,PeriodEnd,899.0,Railsback2015,LeadingAssignment,assign_railsback2015_MIS_23c_end
24,PeriodBeginning,928.0,Railsback2015,LeadingAssignment,assign_railsback2015_MIS_24_begin
24,PeriodEnd,917.7,Railsback2015,LeadingAssignment,assign_railsback2015_MIS_24_end
25a,PeriodBeginning,938.5,Railsback2015,LeadingAssignment,assign_railsback2015_MIS_25a_begin
25a,PeriodEnd,928.0,Railsback2015,LeadingAssignment,assign_railsback2015_MIS_25a_end
25b,PeriodBeginning,941.3,Railsback2015,LeadingAssignment,assign_railsback2015_MIS_25b_begin
25b,PeriodEnd,938.5,Railsback2015,LeadingAssignment,assign_railsback2015_MIS_25b_end
25c,PeriodBeginning,944.8,Railsback2015,LeadingAssignment,assign_railsback2015_MIS_25c_begin
25c,PeriodEnd,941.3,Railsback2015,LeadingAssignment,assign_railsback2015_MIS_25c_end
25d,PeriodBeginning,947.2,Railsback2015,LeadingAssignment,assign_railsback2015_MIS_25d_begin
25d,PeriodEnd,944.8,Railsback2015,LeadingAssignment,assign_railsback2015_MIS_25d_end
25,PeriodBeginning,959.7,Railsback2015,LeadingAssignment,assign_railsback2015_MIS_25_begin
25,PeriodEnd,928.0,Railsback2015,LeadingAssignment,assign_railsback2015_MIS_25_end
25e,PeriodBeginning,959.7,Railsback2015,LeadingAssignment,assign_railsback2015_MIS_25e_begin
25e,PeriodEnd,947.2,Railsback2015,LeadingAssignment,assign_railsback2015_MIS_25e_end
26,PeriodBeginning,970.6,Railsback2015,LeadingAssignment,assign_railsback2015_MIS_26_begin
26,PeriodEnd,959.7,Railsback2015,LeadingAssignment,assign_railsback2015_MIS_26_end
27,PeriodBeginning,982.1,Railsback2015,LeadingAssignment,assign_railsback2015_MIS_27_begin
27,PeriodEnd,970.6,Railsback2015,LeadingAssignment,assign_railsback2015_MIS_27_end
28a,PeriodBeginning,992.1,Railsback2015,LeadingAssignment,assign_railsback2015_MIS_28a_begin
28a,PeriodEnd,982.1,Railsback2015,LeadingAssignment,assign_railsback2015_MIS_28a_end
28b,PeriodBeginning,1001.2,Railsback2015,LeadingAssignment,assign_railsback2015_MIS_28b_begin
28b,PeriodEnd,992.1,Railsback2015,LeadingAssignment,assign_railsback2015_MIS_28b_end
28,PeriodBeginning,1013.1,Railsback2015,LeadingAssignment,assign_railsback2015_MIS_28_begin
28,PeriodEnd,982.1,Railsback2015,LeadingAssignment,assign_railsback2015_MIS_28_end
28c,PeriodBeginning,1013.1,Railsback2015,LeadingAssignment,assign_railsback2015_MIS_28c_begin
28c,PeriodEnd,1001.2,Railsback2015,LeadingAssignment,assign_railsback2015_MIS_28c_end
1,PeriodBeginning,14.0,LR04,AlternativeAssignment,assign_lr04_boundary_1_2_begin
2,PeriodEnd,14.0,LR04,AlternativeAssignment,assign_lr04_boundary_1_2_end
2,PeriodBeginning,29.0,LR04,AlternativeAssignment,assign_lr04_boundary_2_3_begin
3,PeriodEnd,29.0,LR04,AlternativeAssignment,assign_lr04_boundary_2_3_end
3,PeriodBeginning,57.0,LR04,AlternativeAssignment,assign_lr04_boundary_3_4_begin
4,PeriodEnd,57.0,LR04,AlternativeAssignment,assign_lr04_boundary_3_4_end
4,PeriodBeginning,71.0,LR04,AlternativeAssignment,assign_lr04_boundary_4_5_begin
5,PeriodEnd,71.0,LR04,AlternativeAssignment,assign_lr04_boundary_4_5_end
5,PeriodBeginning,130.0,LR04,AlternativeAssignment,assign_lr04_boundary_5_6_begin
6,PeriodEnd,130.0,LR04,AlternativeAssignment,assign_lr04_boundary_5_6_end
6,PeriodBeginning,191.0,LR04,AlternativeAssignment,assign_lr04_boundary_6_7_begin
7,PeriodEnd,191.0,LR04,AlternativeAssignment,assign_lr04_boundary_6_7_end
7,PeriodBeginning,243.0,LR04,AlternativeAssignment,assign_lr04_boundary_7_8_begin
8,PeriodEnd,243.0,LR04,AlternativeAssignment,assign_lr04_boundary_7_8_end
8,PeriodBeginning,300.0,LR04,AlternativeAssignment,assign_lr04_boundary_8_9_begin
9,PeriodEnd,300.0,LR04,AlternativeAssignment,assign_lr04_boundary_8_9_end
9,PeriodBeginning,337.0,LR04,AlternativeAssignment,assign_lr04_boundary_9_10_begin
10,PeriodEnd,337.0,LR04,AlternativeAssignment,assign_lr04_boundary_9_10_end
10,PeriodBeginning,374.0,LR04,AlternativeAssignment,assign_lr04_boundary_10_11_begin
11,PeriodEnd,374.0,LR04,AlternativeAssignment,assign_lr04_boundary_10_11_end
11,PeriodBeginning,424.0,LR04,AlternativeAssignment,assign_lr04_boundary_11_12_begin
12,PeriodEnd,424.0,LR04,AlternativeAssignment,assign_lr04_boundary_11_12_end
12,PeriodBeginning,478.0,LR04,AlternativeAssignment,assign_lr04_boundary_12_13_begin
13,PeriodEnd,478.0,LR04,AlternativeAssignment,assign_lr04_boundary_12_13_end
13,PeriodBeginning,533.0,LR04,AlternativeAssignment,assign_lr04_boundary_13_14_begin
14,PeriodEnd,533.0,LR04,AlternativeAssignment,assign_lr04_boundary_13_14_end
14,PeriodBeginning,563.0,LR04,AlternativeAssignment,assign_lr04_boundary_14_15_begin
15,PeriodEnd,563.0,LR04,AlternativeAssignment,assign_lr04_boundary_14_15_end
15,PeriodBeginning,621.0,LR04,AlternativeAssignment,assign_lr04_boundary_15_16_begin
16,PeriodEnd,621.0,LR04,AlternativeAssignment,assign_lr04_boundary_15_16_end
16,PeriodBeginning,676.0,LR04,AlternativeAssignment,assign_lr04_boundary_16_17_begin
17,PeriodEnd,676.0,LR04,AlternativeAssignment,assign_lr04_boundary_16_17_end
17,PeriodBeginning,712.0,LR04,AlternativeAssignment,assign_lr04_boundary_17_18_begin
18,PeriodEnd,712.0,LR04,AlternativeAssignment,assign_lr04_boundary_17_18_end
18,PeriodBeginning,761.0,LR04,AlternativeAssignment,assign_lr04_boundary_18_19_begin
19,PeriodEnd,761.0,LR04,AlternativeAssignment,assign_lr04_boundary_18_19_end
19,PeriodBeginning,790.0,LR04,AlternativeAssignment,assign_lr04_boundary_19_20_begin
20,PeriodEnd,790.0,LR04,AlternativeAssignment,assign_lr04_boundary_19_20_end
20,PeriodBeginning,814.0,LR04,AlternativeAssignment,assign_lr04_boundary_20_21_begin
21,PeriodEnd,814.0,LR04,AlternativeAssignment,assign_lr04_boundary_20_21_end
21,PeriodBeginning,866.0,LR04,AlternativeAssignment,assign_lr04_boundary_21_22_begin
22,PeriodEnd,866.0,LR04,AlternativeAssignment,assign_lr04_boundary_21_22_end
22,PeriodBeginning,900.0,LR04,AlternativeAssignment,assign_lr04_boundary_22_23_begin
23,PeriodEnd,900.0,LR04,AlternativeAssignment,assign_lr04_boundary_22_23_end
23,PeriodBeginning,917.0,LR04,AlternativeAssignment,assign_lr04_boundary_23_24_begin
24,PeriodEnd,917.0,LR04,AlternativeAssignment,assign_lr04_boundary_23_24_end
24,PeriodBeginning,936.0,LR04,AlternativeAssignment,assign_lr04_boundary_24_25_begin
25,PeriodEnd,936.0,LR04,AlternativeAssignment,assign_lr04_boundary_24_25_end
25,PeriodBeginning,959.0,LR04,AlternativeAssignment,assign_lr04_boundary_25_26_begin
26,PeriodEnd,959.0,LR04,AlternativeAssignment,assign_lr04_boundary_25_26_end
26,PeriodBeginning,970.0,LR04,AlternativeAssignment,assign_lr04_boundary_26_27_begin
27,PeriodEnd,970.0,LR04,AlternativeAssignment,assign_lr04_boundary_26_27_end
27,PeriodBeginning,982.0,LR04,AlternativeAssignment,assign_lr04_boundary_27_28_begin
28,PeriodEnd,982.0,LR04,AlternativeAssignment,assign_lr04_boundary_27_28_end
28,PeriodBeginning,1014.0,LR04,AlternativeAssignment,assign_lr04_boundary_28_29_begin
29,PeriodEnd,1014.0,LR04,LeadingAssignment,assign_lr04_boundary_28_29_end
29,PeriodBeginning,1031.0,LR04,LeadingAssignment,assign_lr04_boundary_29_30_begin
30,PeriodEnd,1031.0,LR04,LeadingAssignment,assign_lr04_boundary_29_30_end
30,PeriodBeginning,1062.0,LR04,LeadingAssignment,assign_lr04_boundary_30_31_begin
31,PeriodEnd,1062.0,LR04,LeadingAssignment,assign_lr04_boundary_30_31_end
31,PeriodBeginning,1081.0,LR04,LeadingAssignment,assign_lr04_boundary_31_32_begin
32,PeriodEnd,1081.0,LR04,LeadingAssignment,assign_lr04_boundary_31_32_end
32,PeriodBeginning,1104.0,LR04,LeadingAssignment,assign_lr04_boundary_32_33_begin
33,PeriodEnd,1104.0,LR04,LeadingAssignment,assign_lr04_boundary_32_33_end
33,PeriodBeginning,1114.0,LR04,LeadingAssignment,assign_lr04_boundary_33_34_begin
34,PeriodEnd,1114.0,LR04,LeadingAssignment,assign_lr04_boundary_33_34_end
34,PeriodBeginning,1141.0,LR04,LeadingAssignment,assign_lr04_boundary_34_35_begin
35,PeriodEnd,1141.0,LR04,LeadingAssignment,assign_lr04_boundary_34_35_end
35,PeriodBeginning,1190.0,LR04,LeadingAssignment,assign_lr04_boundary_35_36_begin
36,PeriodEnd,1190.0,LR04,LeadingAssignment,assign_lr04_boundary_35_36_end
36,PeriodBeginning,1215.0,LR04,LeadingAssignment,assign_lr04_boundary_36_37_begin
37,PeriodEnd,1215.0,LR04,LeadingAssignment,assign_lr04_boundary_36_37_end
37,PeriodBeginning,1244.0,LR04,LeadingAssignment,assign_lr04_boundary_37_38_begin
38,PeriodEnd,1244.0,LR04,LeadingAssignment,assign_lr04_boundary_37_38_end
38,PeriodBeginning,1264.0,LR04,LeadingAssignment,assign_lr04_boundary_38_39_begin
39,PeriodEnd,1264.0,LR04,LeadingAssignment,assign_lr04_boundary_38_39_end
39,PeriodBeginning,1286.0,LR04,LeadingAssignment,assign_lr04_boundary_39_40_begin
40,PeriodEnd,1286.0,LR04,LeadingAssignment,assign_lr04_boundary_39_40_end
40,PeriodBeginning,1304.0,LR04,LeadingAssignment,assign_lr04_boundary_40_41_begin
41,PeriodEnd,1304.0,LR04,LeadingAssignment,assign_lr04_boundary_40_41_end
41,PeriodBeginning,1320.0,LR04,LeadingAssignment,assign_lr04_boundary_41_42_begin
42,PeriodEnd,1320.0,LR04,LeadingAssignment,assign_lr04_boundary_41_42_end
42,PeriodBeginning,1344.0,LR04,LeadingAssignment,assign_lr04_boundary_42_43_begin
43,PeriodEnd,1344.0,LR04,LeadingAssignment,assign_lr04_boundary_42_43_end
43,PeriodBeginning,1362.0,LR04,LeadingAssignment,assign_lr04_boundary_43_44_begin
44,PeriodEnd,1362.0,LR04,LeadingAssignment,assign_lr04_boundary_43_44_end
44,PeriodBeginning,1383.0,LR04,LeadingAssignment,assign_lr04_boundary_44_45_begin
45,PeriodEnd,1383.0,LR04,LeadingAssignment,assign_lr04_boundary_44_45_end
45,PeriodBeginning,1405.0,LR04,LeadingAssignment,assign_lr04_boundary_45_46_begin
46,PeriodEnd,1405.0,LR04,LeadingAssignment,assign_lr04_boundary_45_46_end
46,PeriodBeginning,1424.0,LR04,LeadingAssignment,assign_lr04_boundary_46_47_begin
47,PeriodEnd,1424.0,LR04,LeadingAssignment,assign_lr04_boundary_46_47_end
47,PeriodBeginning,1452.0,LR04,LeadingAssignment,assign_lr04_boundary_47_48_begin
48,PeriodEnd,1452.0,LR04,LeadingAssignment,assign_lr04_boundary_47_48_end
48,PeriodBeginning,1469.0,LR04,LeadingAssignment,assign_lr04_boundary_48_49_begin
49,PeriodEnd,1469.0,LR04,LeadingAssignment,assign_lr04_boundary_48_49_end
49,PeriodBeginning,1492.0,LR04,LeadingAssignment,assign_lr04_boundary_49_50_begin
50,PeriodEnd,1492.0,LR04,LeadingAssignment,assign_lr04_boundary_49_50_end
50,PeriodBeginning,1510.0,LR04,LeadingAssignment,assign_lr04_boundary_50_51_begin
51,PeriodEnd,1510.0,LR04,LeadingAssignment,assign_lr04_boundary_50_51_end
51,PeriodBeginning,1530.0,LR04,LeadingAssignment,assign_lr04_boundary_51_52_begin
52,PeriodEnd,1530.0,LR04,LeadingAssignment,assign_lr04_boundary_51_52_end
52,PeriodBeginning,1547.5,LR04,LeadingAssignment,assign_lr04_boundary_52_53_begin
53,PeriodEnd,1547.5,LR04,LeadingAssignment,assign_lr04_boundary_52_53_end
53,PeriodBeginning,1570.0,LR04,LeadingAssignment,assign_lr04_boundary_53_54_begin
54,PeriodEnd,1570.0,LR04,LeadingAssignment,assign_lr04_boundary_53_54_end
54,PeriodBeginning,1585.0,LR04,LeadingAssignment,assign_lr04_boundary_54_55_begin
55,PeriodEnd,1585.0,LR04,LeadingAssignment,assign_lr04_boundary_54_55_end
55,PeriodBeginning,1608.0,LR04,LeadingAssignment,assign_lr04_boundary_55_56_begin
56,PeriodEnd,1608.0,LR04,LeadingAssignment,assign_lr04_boundary_55_56_end
56,PeriodBeginning,1628.5,LR04,LeadingAssignment,assign_lr04_boundary_56_57_begin
57,PeriodEnd,1628.5,LR04,LeadingAssignment,assign_lr04_boundary_56_57_end
57,PeriodBeginning,1642.5,LR04,LeadingAssignment,assign_lr04_boundary_57_58_begin
58,PeriodEnd,1642.5,LR04,LeadingAssignment,assign_lr04_boundary_57_58_end
58,PeriodBeginning,1670.0,LR04,LeadingAssignment,assign_lr04_boundary_58_59_begin
59,PeriodEnd,1670.0,LR04,LeadingAssignment,assign_lr04_boundary_58_59_end
59,PeriodBeginning,1697.5,LR04,LeadingAssignment,assign_lr04_boundary_59_60_begin
60,PeriodEnd,1697.5,LR04,LeadingAssignment,assign_lr04_boundary_59_60_end
60,PeriodBeginning,1715.0,LR04,LeadingAssignment,assign_lr04_boundary_60_61_begin
61,PeriodEnd,1715.0,LR04,LeadingAssignment,assign_lr04_boundary_60_61_end
61,PeriodBeginning,1743.0,LR04,LeadingAssignment,assign_lr04_boundary_61_62_begin
62,PeriodEnd,1743.0,LR04,LeadingAssignment,assign_lr04_boundary_61_62_end
62,PeriodBeginning,1758.0,LR04,LeadingAssignment,assign_lr04_boundary_62_63_begin
63,PeriodEnd,1758.0,LR04,LeadingAssignment,assign_lr04_boundary_62_63_end
63,PeriodBeginning,1782.0,LR04,LeadingAssignment,assign_lr04_boundary_63_64_begin
64,PeriodEnd,1782.0,LR04,LeadingAssignment,assign_lr04_boundary_63_64_end
64,PeriodBeginning,1802.5,LR04,LeadingAssignment,assign_lr04_boundary_64_65_begin
65,PeriodEnd,1802.5,LR04,LeadingAssignment,assign_lr04_boundary_64_65_end
65,PeriodBeginning,1816.0,LR04,LeadingAssignment,assign_lr04_boundary_65_66_begin
66,PeriodEnd,1816.0,LR04,LeadingAssignment,assign_lr04_boundary_65_66_end
66,PeriodBeginning,1826.0,LR04,LeadingAssignment,assign_lr04_boundary_66_67_begin
67,PeriodEnd,1826.0,LR04,LeadingAssignment,assign_lr04_boundary_66_67_end
67,PeriodBeginning,1832.5,LR04,LeadingAssignment,assign_lr04_boundary_67_68_begin
68,PeriodEnd,1832.5,LR04,LeadingAssignment,assign_lr04_boundary_67_68_end
68,PeriodBeginning,1849.0,LR04,LeadingAssignment,assign_lr04_boundary_68_69_begin
69,PeriodEnd,1849.0,LR04,LeadingAssignment,assign_lr04_boundary_68_69_end
69,PeriodBeginning,1859.5,LR04,LeadingAssignment,assign_lr04_boundary_69_70_begin
70,PeriodEnd,1859.5,LR04,LeadingAssignment,assign_lr04_boundary_69_70_end
70,PeriodBeginning,1875.0,LR04,LeadingAssignment,assign_lr04_boundary_70_71_begin
71,PeriodEnd,1875.0,LR04,LeadingAssignment,assign_lr04_boundary_70_71_end
71,PeriodBeginning,1898.0,LR04,LeadingAssignment,assign_lr04_boundary_71_72_begin
72,PeriodEnd,1898.0,LR04,LeadingAssignment,assign_lr04_boundary_71_72_end
72,PeriodBeginning,1915.0,LR04,LeadingAssignment,assign_lr04_boundary_72_73_begin
73,PeriodEnd,1915.0,LR04,LeadingAssignment,assign_lr04_boundary_72_73_end
73,PeriodBeginning,1941.0,LR04,LeadingAssignment,assign_lr04_boundary_73_74_begin
74,PeriodEnd,1941.0,LR04,LeadingAssignment,assign_lr04_boundary_73_74_end
74,PeriodBeginning,1965.0,LR04,LeadingAssignment,assign_lr04_boundary_74_75_begin
75,PeriodEnd,1965.0,LR04,LeadingAssignment,assign_lr04_boundary_74_75_end
75,PeriodBeginning,1990.0,LR04,LeadingAssignment,assign_lr04_boundary_75_76_begin
76,PeriodEnd,1990.0,LR04,LeadingAssignment,assign_lr04_boundary_75_76_end
76,PeriodBeginning,2017.0,LR04,LeadingAssignment,assign_lr04_boundary_76_77_begin
77,PeriodEnd,2017.0,LR04,LeadingAssignment,assign_lr04_boundary_76_77_end
77,PeriodBeginning,2043.0,LR04,LeadingAssignment,assign_lr04_boundary_77_78_begin
78,PeriodEnd,2043.0,LR04,LeadingAssignment,assign_lr04_boundary_77_78_end
78,PeriodBeginning,2088.0,LR04,LeadingAssignment,assign_lr04_boundary_78_79_begin
79,PeriodEnd,2088.0,LR04,LeadingAssignment,assign_lr04_boundary_78_79_end
79,PeriodBeginning,2103.0,LR04,LeadingAssignment,assign_lr04_boundary_79_80_begin
80,PeriodEnd,2103.0,LR04,LeadingAssignment,assign_lr04_boundary_79_80_end
80,PeriodBeginning,2125.0,LR04,LeadingAssignment,assign_lr04_boundary_80_81_begin
81,PeriodEnd,2125.0,LR04,LeadingAssignment,assign_lr04_boundary_80_81_end
81,PeriodBeginning,2146.0,LR04,LeadingAssignment,assign_lr04_boundary_81_82_begin
82,PeriodEnd,2146.0,LR04,LeadingAssignment,assign_lr04_boundary_81_82_end
82,PeriodBeginning,2168.0,LR04,LeadingAssignment,assign_lr04_boundary_82_83_begin
83,PeriodEnd,2168.0,LR04,LeadingAssignment,assign_lr04_boundary_82_83_end
83,PeriodBeginning,2192.0,LR04,LeadingAssignment,assign_lr04_boundary_83_84_begin
84,PeriodEnd,2192.0,LR04,LeadingAssignment,assign_lr04_boundary_83_84_end
84,PeriodBeginning,2207.5,LR04,LeadingAssignment,assign_lr04_boundary_84_85_begin
85,PeriodEnd,2207.5,LR04,LeadingAssignment,assign_lr04_boundary_84_85_end
85,PeriodBeginning,2236.0,LR04,LeadingAssignment,assign_lr04_boundary_85_86_begin
86,PeriodEnd,2236.0,LR04,LeadingAssignment,assign_lr04_boundary_85_86_end
86,PeriodBeginning,2250.0,LR04,LeadingAssignment,assign_lr04_boundary_86_87_begin
87,PeriodEnd,2250.0,LR04,LeadingAssignment,assign_lr04_boundary_86_87_end
87,PeriodBeginning,2273.0,LR04,LeadingAssignment,assign_lr04_boundary_87_88_begin
88,PeriodEnd,2273.0,LR04,LeadingAssignment,assign_lr04_boundary_87_88_end
88,PeriodBeginning,2291.0,LR04,LeadingAssignment,assign_lr04_boundary_88_89_begin
89,PeriodEnd,2291.0,LR04,LeadingAssignment,assign_lr04_boundary_88_89_end
89,PeriodBeginning,2309.0,LR04,LeadingAssignment,assign_lr04_boundary_89_90_begin
90,PeriodEnd,2309.0,LR04,LeadingAssignment,assign_lr04_boundary_89_90_end
90,PeriodBeginning,2333.0,LR04,LeadingAssignment,assign_lr04_boundary_90_91_begin
91,PeriodEnd,2333.0,LR04,LeadingAssignment,assign_lr04_boundary_90_91_end
91,PeriodBeginning,2350.0,LR04,LeadingAssignment,assign_lr04_boundary_91_92_begin
92,PeriodEnd,2350.0,LR04,LeadingAssignment,assign_lr04_boundary_91_92_end
92,PeriodBeginning,2373.0,LR04,LeadingAssignment,assign_lr04_boundary_92_93_begin
93,PeriodEnd,2373.0,LR04,LeadingAssignment,assign_lr04_boundary_92_93_end
93,PeriodBeginning,2387.0,LR04,LeadingAssignment,assign_lr04_boundary_93_94_begin
94,PeriodEnd,2387.0,LR04,LeadingAssignment,assign_lr04_boundary_93_94_end
94,PeriodBeginning,2407.0,LR04,LeadingAssignment,assign_lr04_boundary_94_95_begin
95,PeriodEnd,2407.0,LR04,LeadingAssignment,assign_lr04_boundary_94_95_end
95,PeriodBeginning,2427.0,LR04,LeadingAssignment,assign_lr04_boundary_95_96_begin
96,PeriodEnd,2427.0,LR04,LeadingAssignment,assign_lr04_boundary_95_96_end
96,PeriodBeginning,2452.0,LR04,LeadingAssignment,assign_lr04_boundary_96_97_begin
97,PeriodEnd,2452.0,LR04,LeadingAssignment,assign_lr04_boundary_96_97_end
97,PeriodBeginning,2477.0,LR04,LeadingAssignment,assign_lr04_boundary_97_98_begin
98,PeriodEnd,2477.0,LR04,LeadingAssignment,assign_lr04_boundary_97_98_end
98,PeriodBeginning,2494.0,LR04,LeadingAssignment,assign_lr04_boundary_98_99_begin
99,PeriodEnd,2494.0,LR04,LeadingAssignment,assign_lr04_boundary_98_99_end
99,PeriodBeginning,2510.0,LR04,LeadingAssignment,assign_lr04_boundary_99_100_begin
100,PeriodEnd,2510.0,LR04,LeadingAssignment,assign_lr04_boundary_99_100_end
100,PeriodBeginning,2540.0,LR04,LeadingAssignment,assign_lr04_boundary_100_101_begin
101,PeriodEnd,2540.0,LR04,LeadingAssignment,assign_lr04_boundary_100_101_end
101,PeriodBeginning,2554.0,LR04,LeadingAssignment,assign_lr04_boundary_101_102_begin
102,PeriodEnd,2554.0,LR04,LeadingAssignment,assign_lr04_boundary_101_102_end
102,PeriodBeginning,2575.0,LR04,LeadingAssignment,assign_lr04_boundary_102_103_begin
103,PeriodEnd,2575.0,LR04,LeadingAssignment,assign_lr04_boundary_102_103_end
103,PeriodBeginning,2595.0,LR04,LeadingAssignment,assign_lr04_boundary_103_104_begin
104,PeriodEnd,2595.0,LR04,LeadingAssignment,assign_lr04_boundary_103_104_end
104,PeriodBeginning,2614.0,LR04,LeadingAssignment,assign_lr04_boundary_104_G1_begin
G1,PeriodEnd,2614.0,LR04,LeadingAssignment,assign_lr04_boundary_104_G1_end
G1,PeriodBeginning,2638.0,LR04,LeadingAssignment,assign_lr04_boundary_G1_G2_begin
G2,PeriodEnd,2638.0,LR04,LeadingAssignment,assign_lr04_boundary_G1_G2_end
G2,PeriodBeginning,2652.0,LR04,LeadingAssignment,assign_lr04_boundary_G2_G3_begin
G3,PeriodEnd,2652.0,LR04,LeadingAssignment,assign_lr04_boundary_G2_G3_end
G3,PeriodBeginning,2681.0,LR04,LeadingAssignment,assign_lr04_boundary_G3_G4_begin
G4,PeriodEnd,2681.0,LR04,LeadingAssignment,assign_lr04_boundary_G3_G4_end
G4,PeriodBeginning,2690.0,LR04,LeadingAssignment,assign_lr04_boundary_G4_G5_begin
G5,PeriodEnd,2690.0,LR04,LeadingAssignment,assign_lr04_boundary_G4_G5_end
G5,PeriodBeginning,2704.0,LR04,LeadingAssignment,assign_lr04_boundary_G5_G6_begin
G6,PeriodEnd,2704.0,LR04,LeadingAssignment,assign_lr04_boundary_G5_G6_end
G6,PeriodBeginning,2730.0,LR04,LeadingAssignment,assign_lr04_boundary_G6_G7_begin
G7,PeriodEnd,2730.0,LR04,LeadingAssignment,assign_lr04_boundary_G6_G7_end
G7,PeriodBeginning,2759.0,LR04,LeadingAssignment,assign_lr04_boundary_G7_G8_begin
G8,PeriodEnd,2759.0,LR04,LeadingAssignment,assign_lr04_boundary_G7_G8_end
G8,PeriodBeginning,2777.0,LR04,LeadingAssignment,assign_lr04_boundary_G8_G9_begin
G9,PeriodEnd,2777.0,LR04,LeadingAssignment,assign_lr04_boundary_G8_G9_end
G9,PeriodBeginning,2798.0,LR04,LeadingAssignment,assign_lr04_boundary_G9_G10_begin
G10,PeriodEnd,2798.0,LR04,LeadingAssignment,assign_lr04_boundary_G9_G10_end
G10,PeriodBeginning,2820.0,LR04,LeadingAssignment,assign_lr04_boundary_G10_G11_begin
G11,PeriodEnd,2820.0,LR04,LeadingAssignment,assign_lr04_boundary_G10_G11_end
G11,PeriodBeginning,2838.0,LR04,LeadingAssignment,assign_lr04_boundary_G11_G12_begin
G12,PeriodEnd,2838.0,LR04,LeadingAssignment,assign_lr04_boundary_G11_G12_end
G12,PeriodBeginning,2858.0,LR04,LeadingAssignment,assign_lr04_boundary_G12_G13_begin
G13,PeriodEnd,2858.0,LR04,LeadingAssignment,assign_lr04_boundary_G12_G13_end
G13,PeriodBeginning,2876.0,LR04,LeadingAssignment,assign_lr04_boundary_G13_G14_begin
G14,PeriodEnd,2876.0,LR04,LeadingAssignment,assign_lr04_boundary_G13_G14_end
G14,PeriodBeginning,2893.0,LR04,LeadingAssignment,assign_lr04_boundary_G14_G15_begin
G15,PeriodEnd,2893.0,LR04,LeadingAssignment,assign_lr04_boundary_G14_G15_end
G15,PeriodBeginning,2913.0,LR04,LeadingAssignment,assign_lr04_boundary_G15_G16_begin
G16,PeriodEnd,2913.0,LR04,LeadingAssignment,assign_lr04_boundary_G15_G16_end
G16,PeriodBeginning,2937.0,LR04,LeadingAssignment,assign_lr04_boundary_G16_G17_begin
G17,PeriodEnd,2937.0,LR04,LeadingAssignment,assign_lr04_boundary_G16_G17_end
G17,PeriodBeginning,2966.0,LR04,LeadingAssignment,assign_lr04_boundary_G17_G18_begin
G18,PeriodEnd,2966.0,LR04,LeadingAssignment,assign_lr04_boundary_G17_G18_end
G18,PeriodBeginning,2982.5,LR04,LeadingAssignment,assign_lr04_boundary_G18_G19_begin
G19,PeriodEnd,2982.5,LR04,LeadingAssignment,assign_lr04_boundary_G18_G19_end
G19,PeriodBeginning,2999.0,LR04,LeadingAssignment,assign_lr04_boundary_G19_G20_begin
G20,PeriodEnd,2999.0,LR04,LeadingAssignment,assign_lr04_boundary_G19_G20_end
G20,PeriodBeginning,3025.0,LR04,LeadingAssignment,assign_lr04_boundary_G20_G21_begin
G21,PeriodEnd,3025.0,LR04,LeadingAssignment,assign_lr04_boundary_G20_G21_end
G21,PeriodBeginning,3039.0,LR04,LeadingAssignment,assign_lr04_boundary_G21_G22_begin
G22,PeriodEnd,3039.0,LR04,LeadingAssignment,assign_lr04_boundary_G21_G22_end
G22,PeriodBeginning,3055.0,LR04,LeadingAssignment,assign_lr04_boundary_G22_K1_begin
K1,PeriodEnd,3055.0,LR04,LeadingAssignment,assign_lr04_boundary_G22_K1_end
K1,PeriodBeginning,3087.0,LR04,LeadingAssignment,assign_lr04_boundary_K1_K2_begin
K2,PeriodEnd,3087.0,LR04,LeadingAssignment,assign_lr04_boundary_K1_K2_end
K2,PeriodBeginning,3097.0,LR04,LeadingAssignment,assign_lr04_boundary_K2_KM1_begin
KM1,PeriodEnd,3097.0,LR04,LeadingAssignment,assign_lr04_boundary_K2_KM1_end
KM1,PeriodBeginning,3119.0,LR04,LeadingAssignment,assign_lr04_boundary_KM1_KM2_begin
KM2,PeriodEnd,3119.0,LR04,LeadingAssignment,assign_lr04_boundary_KM1_KM2_end
KM2,PeriodBeginning,3150.0,LR04,LeadingAssignment,assign_lr04_boundary_KM2_KM3_begin
KM3,PeriodEnd,3150.0,LR04,LeadingAssignment,assign_lr04_boundary_KM2_KM3_end
KM3,PeriodBeginning,3167.0,LR04,LeadingAssignment,assign_lr04_boundary_KM3_KM4_begin
KM4,PeriodEnd,3167.0,LR04,LeadingAssignment,assign_lr04_boundary_KM3_KM4_end
KM4,PeriodBeginning,3184.0,LR04,LeadingAssignment,assign_lr04_boundary_KM4_KM5_begin
KM5,PeriodEnd,3184.0,LR04,LeadingAssignment,assign_lr04_boundary_KM4_KM5_end
KM5,PeriodBeginning,3212.0,LR04,LeadingAssignment,assign_lr04_boundary_KM5_KM6_begin
KM6,PeriodEnd,3212.0,LR04,LeadingAssignment,assign_lr04_boundary_KM5_KM6_end
KM6,PeriodBeginning,3238.0,LR04,LeadingAssignment,assign_lr04_boundary_KM6_M1_begin
M1,PeriodEnd,3238.0,LR04,LeadingAssignment,assign_lr04_boundary_KM6_M1_end
M1,PeriodBeginning,3264.0,LR04,LeadingAssignment,assign_lr04_boundary_M1_M2_begin
M2,PeriodEnd,3264.0,LR04,LeadingAssignment,assign_lr04_boundary_M1_M2_end
M2,PeriodBeginning,3312.0,LR04,LeadingAssignment,assign_lr04_boundary_M2_MG1_begin
MG1,PeriodEnd,3312.0,LR04,LeadingAssignment,assign_lr04_boundary_M2_MG1_end
MG1,PeriodBeginning,3332.0,LR04,LeadingAssignment,assign_lr04_boundary_MG1_MG2_begin
MG2,PeriodEnd,3332.0,LR04,LeadingAssignment,assign_lr04_boundary_MG1_MG2_end
MG2,PeriodBeginning,3347.0,LR04,LeadingAssignment,assign_lr04_boundary_MG2_MG3_begin
MG3,PeriodEnd,3347.0,LR04,LeadingAssignment,assign_lr04_boundary_MG2_MG3_end
MG3,PeriodBeginning,3372.0,LR04,LeadingAssignment,assign_lr04_boundary_MG3_MG4_begin
MG4,PeriodEnd,3372.0,LR04,LeadingAssignment,assign_lr04_boundary_MG3_MG4_end
MG4,PeriodBeginning,3387.0,LR04,LeadingAssignment,assign_lr04_boundary_MG4_MG5_begin
MG5,PeriodEnd,3387.0,LR04,LeadingAssignment,assign_lr04_boundary_MG4_MG5_end
MG5,PeriodBeginning,3444.0,LR04,LeadingAssignment,assign_lr04_boundary_MG5_MG6_begin
MG6,PeriodEnd,3444.0,LR04,LeadingAssignment,assign_lr04_boundary_MG5_MG6_end
MG6,PeriodBeginning,3471.0,LR04,LeadingAssignment,assign_lr04_boundary_MG6_MG7_begin
MG7,PeriodEnd,3471.0,LR04,LeadingAssignment,assign_lr04_boundary_MG6_MG7_end
MG7,PeriodBeginning,3517.0,LR04,LeadingAssignment,assign_lr04_boundary_MG7_MG8_begin
MG8,PeriodEnd,3517.0,LR04,LeadingAssignment,assign_lr04_boundary_MG7_MG8_end
MG8,PeriodBeginning,3532.0,LR04,LeadingAssignment,assign_lr04_boundary_MG8_MG9_begin
MG9,PeriodEnd,3532.0,LR04,LeadingAssignment,assign_lr04_boundary_MG8_MG9_end
MG9,PeriodBeginning,3546.0,LR04,LeadingAssignment,assign_lr04_boundary_MG9_MG10_begin
MG10,PeriodEnd,3546.0,LR04,LeadingAssignment,assign_lr04_boundary_MG9_MG10_end
MG10,PeriodBeginning,3566.0,LR04,LeadingAssignment,assign_lr04_boundary_MG10_MG11_begin
MG11,PeriodEnd,3566.0,LR04,LeadingAssignment,assign_lr04_boundary_MG10_MG11_end
MG11,PeriodBeginning,3578.0,LR04,LeadingAssignment,assign_lr04_boundary_MG11_MG12_begin
MG12,PeriodEnd,3578.0,LR04,LeadingAssignment,assign_lr04_boundary_MG11_MG12_end
MG12,PeriodBeginning,3592.0,LR04,LeadingAssignment,assign_lr04_boundary_MG12_Gi1_begin
Gi1,PeriodEnd,3592.0,LR04,LeadingAssignment,assign_lr04_boundary_MG12_Gi1_end
Gi1,PeriodBeginning,3619.0,LR04,LeadingAssignment,assign_lr04_boundary_Gi1_Gi2_begin
Gi2,PeriodEnd,3619.0,LR04,LeadingAssignment,assign_lr04_boundary_Gi1_Gi2_end
Gi2,PeriodBeginning,3637.0,LR04,LeadingAssignment,assign_lr04_boundary_Gi2_Gi3_begin
Gi3,PeriodEnd,3637.0,LR04,LeadingAssignment,assign_lr04_boundary_Gi2_Gi3_end
Gi3,PeriodBeginning,3660.0,LR04,LeadingAssignment,assign_lr04_boundary_Gi3_Gi4_begin
Gi4,PeriodEnd,3660.0,LR04,LeadingAssignment,assign_lr04_boundary_Gi3_Gi4_end
Gi4,PeriodBeginning,3676.0,LR04,LeadingAssignment,assign_lr04_boundary_Gi4_Gi5_begin
Gi5,PeriodEnd,3676.0,LR04,LeadingAssignment,assign_lr04_boundary_Gi4_Gi5_end
Gi5,PeriodBeginning,3705.0,LR04,LeadingAssignment,assign_lr04_boundary_Gi5_Gi6_begin
Gi6,PeriodEnd,3705.0,LR04,LeadingAssignment,assign_lr04_boundary_Gi5_Gi6_end
Gi6,PeriodBeginning,3719.0,LR04,LeadingAssignment,assign_lr04_boundary_Gi6_Gi7_begin
Gi7,PeriodEnd,3719.0,LR04,LeadingAssignment,assign_lr04_boundary_Gi6_Gi7_end
Gi7,PeriodBeginning,3742.0,LR04,LeadingAssignment,assign_lr04_boundary_Gi7_Gi8_begin
Gi8,PeriodEnd,3742.0,LR04,LeadingAssignment,assign_lr04_boundary_Gi7_Gi8_end
Gi8,PeriodBeginning,3752.0,LR04,LeadingAssignment,assign_lr04_boundary_Gi8_Gi9_begin
Gi9,PeriodEnd,3752.0,LR04,LeadingAssignment,assign_lr04_boundary_Gi8_Gi9_end
Gi9,PeriodBeginning,3768.0,LR04,LeadingAssignment,assign_lr04_boundary_Gi9_Gi10_begin
Gi10,PeriodEnd,3768.0,LR04,LeadingAssignment,assign_lr04_boundary_Gi9_Gi10_end
Gi10,PeriodBeginning,3798.0,LR04,LeadingAssignment,assign_lr04_boundary_Gi10_Gi11_begin
Gi11,PeriodEnd,3798.0,LR04,LeadingAssignment,assign_lr04_boundary_Gi10_Gi11_end
Gi11,PeriodBeginning,3822.0,LR04,LeadingAssignment,assign_lr04_boundary_Gi11_Gi12_begin
Gi12,PeriodEnd,3822.0,LR04,LeadingAssignment,assign_lr04_boundary_Gi11_Gi12_end
Gi12,PeriodBeginning,3835.0,LR04,LeadingAssignment,assign_lr04_boundary_Gi12_Gi13_begin
Gi13,PeriodEnd,3835.0,LR04,LeadingAssignment,assign_lr04_boundary_Gi12_Gi13_end
Gi13,PeriodBeginning,3862.0,LR04,LeadingAssignment,assign_lr04_boundary_Gi13_Gi14_begin
Gi14,PeriodEnd,3862.0,LR04,LeadingAssignment,assign_lr04_boundary_Gi13_Gi14_end
Gi14,PeriodBeginning,3879.0,LR04,LeadingAssignment,assign_lr04_boundary_Gi14_Gi15_begin
Gi15,PeriodEnd,3879.0,LR04,LeadingAssignment,assign_lr04_boundary_Gi14_Gi15_end
Gi15,PeriodBeginning,3912.0,LR04,LeadingAssignment,assign_lr04_boundary_Gi15_Gi16_begin
Gi16,PeriodEnd,3912.0,LR04,LeadingAssignment,assign_lr04_boundary_Gi15_Gi16_end
Gi16,PeriodBeginning,3923.0,LR04,LeadingAssignment,assign_lr04_boundary_Gi16_Gi17_begin
Gi17,PeriodEnd,3923.0,LR04,LeadingAssignment,assign_lr04_boundary_Gi16_Gi17_end
Gi17,PeriodBeginning,3939.0,LR04,LeadingAssignment,assign_lr04_boundary_Gi17_Gi18_begin
Gi18,PeriodEnd,3939.0,LR04,LeadingAssignment,assign_lr04_boundary_Gi17_Gi18_end
Gi18,PeriodBeginning,3952.0,LR04,LeadingAssignment,assign_lr04_boundary_Gi18_Gi19_begin
Gi19,PeriodEnd,3952.0,LR04,LeadingAssignment,assign_lr04_boundary_Gi18_Gi19_end
Gi19,PeriodBeginning,3978.0,LR04,LeadingAssignment,assign_lr04_boundary_Gi19_Gi20_begin
Gi20,PeriodEnd,3978.0,LR04,LeadingAssignment,assign_lr04_boundary_Gi19_Gi20_end
Gi20,PeriodBeginning,4007.0,LR04,LeadingAssignment,assign_lr04_boundary_Gi20_Gi21_begin
Gi21,PeriodEnd,4007.0,LR04,LeadingAssignment,assign_lr04_boundary_Gi20_Gi21_end
Gi21,PeriodBeginning,4029.0,LR04,LeadingAssignment,assign_lr04_boundary_Gi21_Gi22_begin
Gi22,PeriodEnd,4029.0,LR04,LeadingAssignment,assign_lr04_boundary_Gi21_Gi22_end
Gi22,PeriodBeginning,4048.0,LR04,LeadingAssignment,assign_lr04_boundary_Gi22_Gi23_begin
Gi23,PeriodEnd,4048.0,LR04,LeadingAssignment,assign_lr04_boundary_Gi22_Gi23_end
Gi23,PeriodBeginning,4085.0,LR04,LeadingAssignment,assign_lr04_boundary_Gi23_Gi24_begin
Gi24,PeriodEnd,4085.0,LR04,LeadingAssignment,assign_lr04_boundary_Gi23_Gi24_end
Gi24,PeriodBeginning,4098.0,LR04,LeadingAssignment,assign_lr04_boundary_Gi24_Gi25_begin
Gi25,PeriodEnd,4098.0,LR04,LeadingAssignment,assign_lr04_boundary_Gi24_Gi25_end
Gi25,PeriodBeginning,4146.0,LR04,LeadingAssignment,assign_lr04_boundary_Gi25_Gi26_begin
Gi26,PeriodEnd,4146.0,LR04,LeadingAssignment,assign_lr04_boundary_Gi25_Gi26_end
Gi26,PeriodBeginning,4175.0,LR04,LeadingAssignment,assign_lr04_boundary_Gi26_Gi27_begin
Gi27,PeriodEnd,4175.0,LR04,LeadingAssignment,assign_lr04_boundary_Gi26_Gi27_end
Gi27,PeriodBeginning,4192.0,LR04,LeadingAssignment,assign_lr04_boundary_Gi27_Gi28_begin
Gi28,PeriodEnd,4192.0,LR04,LeadingAssignment,assign_lr04_boundary_Gi27_Gi28_end
Gi28,PeriodBeginning,4211.0,LR04,LeadingAssignment,assign_lr04_boundary_Gi28_Co1_begin
Co1,PeriodEnd,4211.0,LR04,LeadingAssignment,assign_lr04_boundary_Gi28_Co1_end
Co1,PeriodBeginning,4232.0,LR04,LeadingAssignment,assign_lr04_boundary_Co1_Co2_begin
Co2,PeriodEnd,4232.0,LR04,LeadingAssignment,assign_lr04_boundary_Co1_Co2_end
Co2,PeriodBeginning,4259.0,LR04,LeadingAssignment,assign_lr04_boundary_Co2_Co3_begin
Co3,PeriodEnd,4259.0,LR04,LeadingAssignment,assign_lr04_boundary_Co2_Co3_end
Co3,PeriodBeginning,4286.0,LR04,LeadingAssignment,assign_lr04_boundary_Co3_Co4_begin
Co4,PeriodEnd,4286.0,LR04,LeadingAssignment,assign_lr04_boundary_Co3_Co4_end
Co4,PeriodBeginning,4303.0,LR04,LeadingAssignment,assign_lr04_boundary_Co4_CN1_begin
CN1,PeriodEnd,4303.0,LR04,LeadingAssignment,assign_lr04_boundary_Co4_CN1_end
CN1,PeriodBeginning,4327.0,LR04,LeadingAssignment,assign_lr04_boundary_CN1_CN2_begin
CN2,PeriodEnd,4327.0,LR04,LeadingAssignment,assign_lr04_boundary_CN1_CN2_end
CN2,PeriodBeginning,4335.0,LR04,LeadingAssignment,assign_lr04_boundary_CN2_CN3_begin
CN3,PeriodEnd,4335.0,LR04,LeadingAssignment,assign_lr04_boundary_CN2_CN3_end
CN3,PeriodBeginning,4356.0,LR04,LeadingAssignment,assign_lr04_boundary_CN3_CN4_begin
CN4,PeriodEnd,4356.0,LR04,LeadingAssignment,assign_lr04_boundary_CN3_CN4_end
CN4,PeriodBeginning,4371.0,LR04,LeadingAssignment,assign_lr04_boundary_CN4_CN5_begin
CN5,PeriodEnd,4371.0,LR04,LeadingAssignment,assign_lr04_boundary_CN4_CN5_end
CN5,PeriodBeginning,4395.0,LR04,LeadingAssignment,assign_lr04_boundary_CN5_CN6_begin
CN6,PeriodEnd,4395.0,LR04,LeadingAssignment,assign_lr04_boundary_CN5_CN6_end
CN6,PeriodBeginning,4420.0,LR04,LeadingAssignment,assign_lr04_boundary_CN6_CN7_begin
CN7,PeriodEnd,4420.0,LR04,LeadingAssignment,assign_lr04_boundary_CN6_CN7_end
CN7,PeriodBeginning,4446.0,LR04,LeadingAssignment,assign_lr04_boundary_CN7_CN8_begin
CN8,PeriodEnd,4446.0,LR04,LeadingAssignment,assign_lr04_boundary_CN7_CN8_end
CN8,PeriodBeginning,4457.0,LR04,LeadingAssignment,assign_lr04_boundary_CN8_N1_begin
N1,PeriodEnd,4457.0,LR04,LeadingAssignment,assign_lr04_boundary_CN8_N1_end
N1,PeriodBeginning,4487.0,LR04,LeadingAssignment,assign_lr04_boundary_N1_N2_begin
N2,PeriodEnd,4487.0,LR04,LeadingAssignment,assign_lr04_boundary_N1_N2_end
N2,PeriodBeginning,4508.0,LR04,LeadingAssignment,assign_lr04_boundary_N2_N3_begin
N3,PeriodEnd,4508.0,LR04,LeadingAssignment,assign_lr04_boundary_N2_N3_end
N3,PeriodBeginning,4523.0,LR04,LeadingAssignment,assign_lr04_boundary_N3_N4_begin
N4,PeriodEnd,4523.0,LR04,LeadingAssignment,assign_lr04_boundary_N3_N4_end
N4,PeriodBeginning,4538.0,LR04,LeadingAssignment,assign_lr04_boundary_N4_N5_begin
N5,PeriodEnd,4538.0,LR04,LeadingAssignment,assign_lr04_boundary_N4_N5_end
N5,PeriodBeginning,4570.0,LR04,LeadingAssignment,assign_lr04_boundary_N5_N6_begin
N6,PeriodEnd,4570.0,LR04,LeadingAssignment,assign_lr04_boundary_N5_N6_end
N6,PeriodBeginning,4587.0,LR04,LeadingAssignment,assign_lr04_boundary_N6_N7_begin
N7,PeriodEnd,4587.0,LR04,LeadingAssignment,assign_lr04_boundary_N6_N7_end
N7,PeriodBeginning,4603.0,LR04,LeadingAssignment,assign_lr04_boundary_N7_N8_begin
N8,PeriodEnd,4603.0,LR04,LeadingAssignment,assign_lr04_boundary_N7_N8_end
N8,PeriodBeginning,4622.0,LR04,LeadingAssignment,assign_lr04_boundary_N8_N9_begin
N9,PeriodEnd,4622.0,LR04,LeadingAssignment,assign_lr04_boundary_N8_N9_end
N9,PeriodBeginning,4648.0,LR04,LeadingAssignment,assign_lr04_boundary_N9_N10_begin
N10,PeriodEnd,4648.0,LR04,LeadingAssignment,assign_lr04_boundary_N9_N10_end
N10,PeriodBeginning,4658.0,LR04,LeadingAssignment,assign_lr04_boundary_N10_NS1_begin
NS1,PeriodEnd,4658.0,LR04,LeadingAssignment,assign_lr04_boundary_N10_NS1_end
NS1,PeriodBeginning,4684.0,LR04,LeadingAssignment,assign_lr04_boundary_NS1_NS2_begin
NS2,PeriodEnd,4684.0,LR04,LeadingAssignment,assign_lr04_boundary_NS1_NS2_end
NS2,PeriodBeginning,4702.5,LR04,LeadingAssignment,assign_lr04_boundary_NS2_NS3_begin
NS3,PeriodEnd,4702.5,LR04,LeadingAssignment,assign_lr04_boundary_NS2_NS3_end
NS3,PeriodBeginning,4722.5,LR04,LeadingAssignment,assign_lr04_boundary_NS3_NS4_begin
NS4,PeriodEnd,4722.5,LR04,LeadingAssignment,assign_lr04_boundary_NS3_NS4_end
NS4,PeriodBeginning,4737.0,LR04,LeadingAssignment,assign_lr04_boundary_NS4_NS5_begin
NS5,PeriodEnd,4737.0,LR04,LeadingAssignment,assign_lr04_boundary_NS4_NS5_end
NS5,PeriodBeginning,4766.0,LR04,LeadingAssignment,assign_lr04_boundary_NS5_NS6_begin
NS6,PeriodEnd,4766.0,LR04,LeadingAssignment,assign_lr04_boundary_NS5_NS6_end
NS6,PeriodBeginning,4778.0,LR04,LeadingAssignment,assign_lr04_boundary_NS6_Si1_begin
Si1,PeriodEnd,4778.0,LR04,LeadingAssignment,assign_lr04_boundary_NS6_Si1_end
Si1,PeriodBeginning,4807.0,LR04,LeadingAssignment,assign_lr04_boundary_Si1_Si2_begin
Si2,PeriodEnd,4807.0,LR04,LeadingAssignment,assign_lr04_boundary_Si1_Si2_end
Si2,PeriodBeginning,4821.0,LR04,LeadingAssignment,assign_lr04_boundary_Si2_Si3_begin
Si3,PeriodEnd,4821.0,LR04,LeadingAssignment,assign_lr04_boundary_Si2_Si3_end
Si3,PeriodBeginning,4840.0,LR04,LeadingAssignment,assign_lr04_boundary_Si3_Si4_begin
Si4,PeriodEnd,4840.0,LR04,LeadingAssignment,assign_lr04_boundary_Si3_Si4_end
Si4,PeriodBeginning,4860.0,LR04,LeadingAssignment,assign_lr04_boundary_Si4_Si5_begin
Si5,PeriodEnd,4860.0,LR04,LeadingAssignment,assign_lr04_boundary_Si4_Si5_end
Si5,PeriodBeginning,4883.0,LR04,LeadingAssignment,assign_lr04_boundary_Si5_Si6_begin
Si6,PeriodEnd,4883.0,LR04,LeadingAssignment,assign_lr04_boundary_Si5_Si6_end
Si6,PeriodBeginning,4904.0,LR04,LeadingAssignment,assign_lr04_boundary_Si6_ST1_begin
ST1,PeriodEnd,4904.0,LR04,LeadingAssignment,assign_lr04_boundary_Si6_ST1_end
ST1,PeriodBeginning,4931.0,LR04,LeadingAssignment,assign_lr04_boundary_ST1_ST2_begin
ST2,PeriodEnd,4931.0,LR04,LeadingAssignment,assign_lr04_boundary_ST1_ST2_end
ST2,PeriodBeginning,4952.5,LR04,LeadingAssignment,assign_lr04_boundary_ST2_ST3_begin
ST3,PeriodEnd,4952.5,LR04,LeadingAssignment,assign_lr04_boundary_ST2_ST3_end
ST3,PeriodBeginning,4976.0,LR04,LeadingAssignment,assign_lr04_boundary_ST3_ST4_begin
ST4,PeriodEnd,4976.0,LR04,LeadingAssignment,assign_lr04_boundary_ST3_ST4_end
ST4,PeriodBeginning,4985.0,LR04,LeadingAssignment,assign_lr04_boundary_ST4_T1_begin
T1,PeriodEnd,4985.0,LR04,LeadingAssignment,assign_lr04_boundary_ST4_T1_end
T1,PeriodBeginning,5002.0,LR04,LeadingAssignment,assign_lr04_boundary_T1_T2_begin
T2,PeriodEnd,5002.0,LR04,LeadingAssignment,assign_lr04_boundary_T1_T2_end
T2,PeriodBeginning,5016.0,LR04,LeadingAssignment,assign_lr04_boundary_T2_T3_begin
T3,PeriodEnd,5016.0,LR04,LeadingAssignment,assign_lr04_boundary_T2_T3_end
T3,PeriodBeginning,5038.0,LR04,LeadingAssignment,assign_lr04_boundary_T3_T4_begin
T4,PeriodEnd,5038.0,LR04,LeadingAssignment,assign_lr04_boundary_T3_T4_end
T4,PeriodBeginning,5070.0,LR04,LeadingAssignment,assign_lr04_boundary_T4_T5_begin
T5,PeriodEnd,5070.0,LR04,LeadingAssignment,assign_lr04_boundary_T4_T5_end
T5,PeriodBeginning,5094.0,LR04,LeadingAssignment,assign_lr04_boundary_T5_T6_begin
T6,PeriodEnd,5094.0,LR04,LeadingAssignment,assign_lr04_boundary_T5_T6_end
T6,PeriodBeginning,5116.0,LR04,LeadingAssignment,assign_lr04_boundary_T6_T7_begin
T7,PeriodEnd,5116.0,LR04,LeadingAssignment,assign_lr04_boundary_T6_T7_end
T7,PeriodBeginning,5165.0,LR04,LeadingAssignment,assign_lr04_boundary_T7_T8_begin
T8,PeriodEnd,5165.0,LR04,LeadingAssignment,assign_lr04_boundary_T7_T8_end
T8,PeriodBeginning,5188.0,LR04,LeadingAssignment,assign_lr04_boundary_T8_TG1_begin
TG1,PeriodEnd,5188.0,LR04,LeadingAssignment,assign_lr04_boundary_T8_TG1_end
TG1,PeriodBeginning,5241.0,LR04,LeadingAssignment,assign_lr04_boundary_TG1_TG2_begin
TG2,PeriodEnd,5241.0,LR04,LeadingAssignment,assign_lr04_boundary_TG1_TG2_end
TG2,PeriodBeginning,5266.0,LR04,LeadingAssignment,assign_lr04_boundary_TG2_TG3_begin
TG3,PeriodEnd,5266.0,LR04,LeadingAssignment,assign_lr04_boundary_TG2_TG3_end
TG3,PeriodBeginning,5289.0,LR04,LeadingAssignment,assign_lr04_boundary_TG3_TG4_begin
TG4,PeriodEnd,5289.0,LR04,LeadingAssignment,assign_lr04_boundary_TG3_TG4_end
TG4,PeriodBeginning,5301.0,LR04,LeadingAssignment,assign_lr04_boundary_TG4_TG5_begin
TG5,PeriodEnd,5301.0,LR04,LeadingAssignment,assign_lr04_boundary_TG4_TG5_end
TG5,PeriodBeginning,5315.0,LR04,LeadingAssignment,assign_lr04_boundary_TG5_TG6_begin
TG6,PeriodEnd,5315.0,LR04,LeadingAssignment,assign_lr04_boundary_TG5_TG6_end
5a,ExcursionPeak,82.0,LR04,LeadingAssignment,assign_lr04_peak_MIS_5a
5b,ExcursionPeak,87.0,LR04,LeadingAssignment,assign_lr04_peak_MIS_5b
5c,ExcursionPeak,96.0,LR04,LeadingAssignment,assign_lr04_peak_MIS_5c
5d,ExcursionPeak,109.0,LR04,LeadingAssignment,assign_lr04_peak_MIS_5d
5e,ExcursionPeak,123.0,LR04,LeadingAssignment,assign_lr04_peak_MIS_5e
1,ClimateModeType,warm,Railsback2015,LeadingAssignment,assign_climateMode_MIS_1
2,ClimateModeType,cold,Railsback2015,LeadingAssignment,assign_climateMode_MIS_2
3,ClimateModeType,warm,Railsback2015,LeadingAssignment,assign_climateMode_MIS_3
4,ClimateModeType,cold,Railsback2015,LeadingAssignment,assign_climateMode_MIS_4
5,ClimateModeType,warm,Railsback2015,LeadingAssignment,assign_climateMode_MIS_5
6,ClimateModeType,cold,Railsback2015,LeadingAssignment,assign_climateMode_MIS_6
7,ClimateModeType,warm,Railsback2015,LeadingAssignment,assign_climateMode_MIS_7
8,ClimateModeType,cold,Railsback2015,LeadingAssignment,assign_climateMode_MIS_8
9,ClimateModeType,warm,Railsback2015,LeadingAssignment,assign_climateMode_MIS_9
10,ClimateModeType,cold,Railsback2015,LeadingAssignment,assign_climateMode_MIS_10
11,ClimateModeType,warm,Railsback2015,LeadingAssignment,assign_climateMode_MIS_11
12,ClimateModeType,cold,Railsback2015,LeadingAssignment,assign_climateMode_MIS_12
13,ClimateModeType,warm,Railsback2015,LeadingAssignment,assign_climateMode_MIS_13
14,ClimateModeType,cold,Railsback2015,LeadingAssignment,assign_climateMode_MIS_14
15,ClimateModeType,warm,Railsback2015,LeadingAssignment,assign_climateMode_MIS_15
16,ClimateModeType,cold,Railsback2015,LeadingAssignment,assign_climateMode_MIS_16
17,ClimateModeType,warm,Railsback2015,LeadingAssignment,assign_climateMode_MIS_17
18,ClimateModeType,cold,Railsback2015,LeadingAssignment,assign_climateMode_MIS_18
19,ClimateModeType,warm,Railsback2015,LeadingAssignment,assign_climateMode_MIS_19
20,ClimateModeType,cold,Railsback2015,LeadingAssignment,assign_climateMode_MIS_20
21,ClimateModeType,warm,Railsback2015,LeadingAssignment,assign_climateMode_MIS_21
22,ClimateModeType,cold,Railsback2015,LeadingAssignment,assign_climateMode_MIS_22
23,ClimateModeType,warm,Railsback2015,LeadingAssignment,assign_climateMode_MIS_23
24,ClimateModeType,cold,Railsback2015,LeadingAssignment,assign_climateMode_MIS_24
25,ClimateModeType,warm,Railsback2015,LeadingAssignment,assign_climateMode_MIS_25
26,ClimateModeType,cold,Railsback2015,LeadingAssignment,assign_climateMode_MIS_26
27,ClimateModeType,warm,Railsback2015,LeadingAssignment,assign_climateMode_MIS_27
28,ClimateModeType,cold,Railsback2015,LeadingAssignment,assign_climateMode_MIS_28
29,ClimateModeType,warm,Railsback2015,LeadingAssignment,assign_climateMode_MIS_29
30,ClimateModeType,cold,Railsback2015,LeadingAssignment,assign_climateMode_MIS_30
31,ClimateModeType,warm,Railsback2015,LeadingAssignment,assign_climateMode_MIS_31
32,ClimateModeType,cold,Railsback2015,LeadingAssignment,assign_climateMode_MIS_32
33,ClimateModeType,warm,Railsback2015,LeadingAssignment,assign_climateMode_MIS_33
34,ClimateModeType,cold,Railsback2015,LeadingAssignment,assign_climateMode_MIS_34
35,ClimateModeType,warm,Railsback2015,LeadingAssignment,assign_climateMode_MIS_35
36,ClimateModeType,cold,Railsback2015,LeadingAssignment,assign_climateMode_MIS_36
37,ClimateModeType,warm,Railsback2015,LeadingAssignment,assign_climateMode_MIS_37
38,ClimateModeType,cold,Railsback2015,LeadingAssignment,assign_climateMode_MIS_38
39,ClimateModeType,warm,Railsback2015,LeadingAssignment,assign_climateMode_MIS_39
40,ClimateModeType,cold,Railsback2015,LeadingAssignment,assign_climateMode_MIS_40
41,ClimateModeType,warm,Railsback2015,LeadingAssignment,assign_climateMode_MIS_41
42,ClimateModeType,cold,Railsback2015,LeadingAssignment,assign_climateMode_MIS_42
43,ClimateModeType,warm,Railsback2015,LeadingAssignment,assign_climateMode_MIS_43
44,ClimateModeType,cold,Railsback2015,LeadingAssignment,assign_climateMode_MIS_44
45,ClimateModeType,warm,Railsback2015,LeadingAssignment,assign_climateMode_MIS_45
46,ClimateModeType,cold,Railsback2015,LeadingAssignment,assign_climateMode_MIS_46
47,ClimateModeType,warm,Railsback2015,LeadingAssignment,assign_climateMode_MIS_47
48,ClimateModeType,cold,Railsback2015,LeadingAssignment,assign_climateMode_MIS_48
49,ClimateModeType,warm,Railsback2015,LeadingAssignment,assign_climateMode_MIS_49
50,ClimateModeType,cold,Railsback2015,LeadingAssignment,assign_climateMode_MIS_50
51,ClimateModeType,warm,Railsback2015,LeadingAssignment,assign_climateMode_MIS_51
52,ClimateModeType,cold,Railsback2015,LeadingAssignment,assign_climateMode_MIS_52
53,ClimateModeType,warm,Railsback2015,LeadingAssignment,assign_climateMode_MIS_53
54,ClimateModeType,cold,Railsback2015,LeadingAssignment,assign_climateMode_MIS_54
55,ClimateModeType,warm,Railsback2015,LeadingAssignment,assign_climateMode_MIS_55
56,ClimateModeType,cold,Railsback2015,LeadingAssignment,assign_climateMode_MIS_56
57,ClimateModeType,warm,Railsback2015,LeadingAssignment,assign_climateMode_MIS_57
58,ClimateModeType,cold,Railsback2015,LeadingAssignment,assign_climateMode_MIS_58
59,ClimateModeType,warm,Railsback2015,LeadingAssignment,assign_climateMode_MIS_59
60,ClimateModeType,cold,Railsback2015,LeadingAssignment,assign_climateMode_MIS_60
61,ClimateModeType,warm,Railsback2015,LeadingAssignment,assign_climateMode_MIS_61
62,ClimateModeType,cold,Railsback2015,LeadingAssignment,assign_climateMode_MIS_62
63,ClimateModeType,warm,Railsback2015,LeadingAssignment,assign_climateMode_MIS_63
64,ClimateModeType,cold,Railsback2015,LeadingAssignment,assign_climateMode_MIS_64
65,ClimateModeType,warm,Railsback2015,LeadingAssignment,assign_climateMode_MIS_65
66,ClimateModeType,cold,Railsback2015,LeadingAssignment,assign_climateMode_MIS_66
67,ClimateModeType,warm,Railsback2015,LeadingAssignment,assign_climateMode_MIS_67
68,ClimateModeType,cold,Railsback2015,LeadingAssignment,assign_climateMode_MIS_68
69,ClimateModeType,warm,Railsback2015,LeadingAssignment,assign_climateMode_MIS_69
70,ClimateModeType,cold,Railsback2015,LeadingAssignment,assign_climateMode_MIS_70
71,ClimateModeType,warm,Railsback2015,LeadingAssignment,assign_climateMode_MIS_71
72,ClimateModeType,cold,Railsback2015,LeadingAssignment,assign_climateMode_MIS_72
73,ClimateModeType,warm,Railsback2015,LeadingAssignment,assign_climateMode_MIS_73
74,ClimateModeType,cold,Railsback2015,LeadingAssignment,assign_climateMode_MIS_74
75,ClimateModeType,warm,Railsback2015,LeadingAssignment,assign_climateMode_MIS_75
76,ClimateModeType,cold,Railsback2015,LeadingAssignment,assign_climateMode_MIS_76
77,ClimateModeType,warm,Railsback2015,LeadingAssignment,assign_climateMode_MIS_77
78,ClimateModeType,cold,Railsback2015,LeadingAssignment,assign_climateMode_MIS_78
79,ClimateModeType,warm,Railsback2015,LeadingAssignment,assign_climateMode_MIS_79
80,ClimateModeType,cold,Railsback2015,LeadingAssignment,assign_climateMode_MIS_80
81,ClimateModeType,warm,Railsback2015,LeadingAssignment,assign_climateMode_MIS_81
82,ClimateModeType,cold,Railsback2015,LeadingAssignment,assign_climateMode_MIS_82
83,ClimateModeType,warm,Railsback2015,LeadingAssignment,assign_climateMode_MIS_83
84,ClimateModeType,cold,Railsback2015,LeadingAssignment,assign_climateMode_MIS_84
85,ClimateModeType,warm,Railsback2015,LeadingAssignment,assign_climateMode_MIS_85
86,ClimateModeType,cold,Railsback2015,LeadingAssignment,assign_climateMode_MIS_86
87,ClimateModeType,warm,Railsback2015,LeadingAssignment,assign_climateMode_MIS_87
88,ClimateModeType,cold,Railsback2015,LeadingAssignment,assign_climateMode_MIS_88
89,ClimateModeType,warm,Railsback2015,LeadingAssignment,assign_climateMode_MIS_89
90,ClimateModeType,cold,Railsback2015,LeadingAssignment,assign_climateMode_MIS_90
91,ClimateModeType,warm,Railsback2015,LeadingAssignment,assign_climateMode_MIS_91
92,ClimateModeType,cold,Railsback2015,LeadingAssignment,assign_climateMode_MIS_92
93,ClimateModeType,warm,Railsback2015,LeadingAssignment,assign_climateMode_MIS_93
94,ClimateModeType,cold,Railsback2015,LeadingAssignment,assign_climateMode_MIS_94
95,ClimateModeType,warm,Railsback2015,LeadingAssignment,assign_climateMode_MIS_95
96,ClimateModeType,cold,Railsback2015,LeadingAssignment,assign_climateMode_MIS_96
97,ClimateModeType,warm,Railsback2015,LeadingAssignment,assign_climateMode_MIS_97
98,ClimateModeType,cold,Railsback2015,LeadingAssignment,assign_climateMode_MIS_98
99,ClimateModeType,warm,Railsback2015,LeadingAssignment,assign_climateMode_MIS_99
100,ClimateModeType,cold,Railsback2015,LeadingAssignment,assign_climateMode_MIS_100
101,ClimateModeType,warm,Railsback2015,LeadingAssignment,assign_climateMode_MIS_101
102,ClimateModeType,cold,Railsback2015,LeadingAssignment,assign_climateMode_MIS_102
103,ClimateModeType,warm,Railsback2015,LeadingAssignment,assign_climateMode_MIS_103
104,ClimateModeType,cold,Railsback2015,LeadingAssignment,assign_climateMode_MIS_104
