stage,label,kind,parent,begin_ka,end_ka,peak_ka,climate_mode,leading_source,derived
1,MIS 1,stage,,14.5,,,warm,Railsback2015,false
2,MIS 2,stage,,35.0,14.5,,cold,Railsback2015,false
3a,MIS 3a,substage,3,39.0,35.0,,,Railsback2015,false
3b,MIS 3b,substage,3,44.3,39.0,,,Railsback2015,false
3,MIS 3,stage,,57.3,35.0,,warm,Railsback2015,true
3c,MIS 3c,substage,3,57.3,44.3,,,Railsback2015,false
4,MIS 4,stage,,72.7,57.3,,cold,Railsback2015,false
5a,MIS 5a,substage,5,85.7,72.7,82.0,,Railsback2015,false
5b,MIS 5b,substage,5,92.0,85.7,87.0,,Railsback2015,false
5c,MIS 5c,substage,5,106.8,92.0,96.0,,Railsback2015,false
5d,MIS 5d,substage,5,116.2,106.8,109.0,,Railsback2015,false
5,MIS 5,stage,,132.2,72.7,,warm,Railsback2015,true
5e,MIS 5e,substage,5,132.2,116.2,123.0,,Railsback2015,false
6a,MIS 6a,substage,6,141.3,132.2,,,Railsback2015,false
6b,MIS 6b,substage,6,156.1,141.3,,,Railsback2015,false
6c,MIS 6c,substage,6,165.9,156.1,,,Railsback2015,false
6d,MIS 6d,substage,6,176.0,165.9,,,Railsback2015,false
6,MIS 6,stage,,190.4,132.2,,cold,Railsback2015,true
6e,MIS 6e,substage,6,190.4,176.0,,,Railsback2015,false
7a,MIS 7a,substage,7,204.1,190.4,,,Railsback2015,false
7b,MIS 7b,substage,7,208.2,204.1,,,Railsback2015,false
7c,MIS 7c,substage,7,219.7,208.2,,,Railsback2015,false
7d,MIS 7d,substage,7,234.1,219.7,,,Railsback2015,false
7,MIS 7,stage,,244.0,190.4,,warm,Railsback2015,true
7e,MIS 7e,substage,7,244.0,234.1,,,Railsback2015,false
8a,MIS 8a,substage,8,254.2,244.0,,,Railsback2015,false
8b,MIS 8b,substage,8,269.0,254.2,,,Railsback2015,false
8,MIS 8,stage,,279.0,244.0,,cold,Railsback2015,true
8c,MIS 8c,substage,8,279.0,269.0,,,Railsback2015,false
9a,MIS 9a,substage,9,291.1,279.0,,,Railsback2015,false
9b,MIS 9b,substage,9,307.8,291.1,,,Railsback2015,false
9c,MIS 9c,substage,9,317.0,307.8,,,Railsback2015,false
9d,MIS 9d,substage,9,318.4,317.0,,,Railsback2015,false
9,MIS 9,stage,,337.0,279.0,,warm,Railsback2015,true
9e,MIS 9e,substage,9,337.0,318.4,,,Railsback2015,false
10a,MIS 10a,substage,10,346.1,337.0,,,Railsback2015,false
10b,MIS 10b,substage,10,354.9,346.1,,,Railsback2015,false
10,MIS 10,stage,,365.4,337.0,,cold,Railsback2015,true
10c,MIS 10c,substage,10,365.4,354.9,,,Railsback2015,false
11a,MIS 11a,substage,11,389.9,365.4,,,Railsback2015,false
11b,MIS 11b,substage,11,396.0,389.9,,,Railsback2015,false
11c,MIS 11c,substage,11,417.1,396.0,,,Railsback2015,false
11d,MIS 11d,substage,11,420.0,417.1,,,Railsback2015,false
11,MIS 11,stage,,428.3,365.4,,warm,Railsback2015,true
11e,MIS 11e,substage,11,428.3,420.0,,,Railsback2015,false
12a,MIS 12a,substage,12,436.7,428.3,,,Railsback2015,false
12b,MIS 12b,substage,12,455.9,436.7,,,Railsback2015,false
12,MIS 12,stage,,476.9,428.3,,cold,Railsback2015,true
12c,MIS 12c,substage,12,476.9,455.9,,,Railsback2015,false
13a,MIS 13a,substage,13,505.6,476.9,,,Railsback2015,false
13b,MIS 13b,substage,13,516.3,505.6,,,Railsback2015,false
13,MIS 13,stage,,533.5,476.9,,warm,Railsback2015,true
13c,MIS 13c,substage,13,533.5,516.3,,,Railsback2015,false
14a,MIS 14a,substage,14,541.2,533.5,,,Railsback2015,false
14b,MIS 14b,substage,14,545.9,541.2,,,Railsback2015,false
14c,MIS 14c,substage,14,553.0,545.9,,,Railsback2015,false
14,MIS 14,stage,,563.9,533.5,,cold,Railsback2015,true
14d,MIS 14d,substage,14,563.9,553.0,,,Railsback2015,false
15a,MIS 15a,substage,15,580.7,563.9,,,Railsback2015,false
15b,MIS 15b,substage,15,589.2,580.7,,,Railsback2015,false
15c,MIS 15c,substage,15,597.9,589.2,,,Railsback2015,false
15d,MIS 15d,substage,15,602.7,597.9,,,Railsback2015,false
15,MIS 15,stage,,622.4,563.9,,warm,Railsback2015,true
15e,MIS 15e,substage,15,622.4,602.7,,,Railsback2015,false
16a,MIS 16a,substage,16,641.9,622.4,,,Railsback2015,false
16b,MIS 16b,substage,16,660.7,641.9,,,Railsback2015,false
16,MIS 16,stage,,676.9,622.4,,cold,Railsback2015,true
16c,MIS 16c,substage,16,676.9,660.7,,,Railsback2015,false
17a,MIS 17a,substage,17,685.1,676.9,,,Railsback2015,false
17b,MIS 17b,substage,17,688.1,685.1,,,Railsback2015,false
17c,MIS 17c,substage,17,705.2,688.1,,,Railsback2015,false
17d,MIS 17d,substage,17,709.0,705.2,,,Railsback2015,false
17,MIS 17,stage,,714.7,676.9,,warm,Railsback2015,true
17e,MIS 17e,substage,17,714.7,709.0,,,Railsback2015,false
18a,MIS 18a,substage,18,725.0,714.7,,,Railsback2015,false
18b,MIS 18b,substage,18,734.1,725.0,,,Railsback2015,false
18c,MIS 18c,substage,18,738.4,734.1,,,Railsback2015,false
18d,MIS 18d,substage,18,743.2,738.4,,,Railsback2015,false
18,MIS 18,stage,,757.2,714.7,,cold,Railsback2015,true
18e,MIS 18e,substage,18,757.2,743.2,,,Railsback2015,false
19a,MIS 19a,substage,19,763.2,757.2,,,Railsback2015,false
19b,MIS 19b,substage,19,769.1,763.2,,,Railsback2015,false
19,MIS 19,stage,,790.9,757.2,,warm,Railsback2015,true
19c,MIS 19c,substage,19,790.9,769.1,,,Railsback2015,false
20a,MIS 20a,substage,20,795.9,790.9,,,Railsback2015,false
20b,MIS 20b,substage,20,800.9,795.9,,,Railsback2015,false
20c,MIS 20c,substage,20,803.9,800.9,,,Railsback2015,false
20,MIS 20,stage,,812.3,790.9,,cold,Railsback2015,true
20d,MIS 20d,substage,20,812.3,803.9,,,Railsback2015,false
21a,MIS 21a,substage,21,824.8,812.3,,,Railsback2015,false
21b,MIS 21b,substage,21,834.0,824.8,,,Railsback2015,false
21c,MIS 21c,substage,21,837.2,834.0,,,Railsback2015,false
21d,MIS 21d,substage,21,842.9,837.2,,,Railsback2015,false
21e,MIS 21e,substage,21,851.0,842.9,,,Railsback2015,false
21f,MIS 21f,substage,21,855.1,851.0,,,Railsback2015,false
21,MIS 21,stage,,867.0,812.3,,warm,Railsback2015,true
21g,MIS 21g,substage,21,867.0,855.1,,,Railsback2015,false
22,MIS 22,stage,,881.2,867.0,,cold,Railsback2015,false
23a,MIS 23a,substage,23,893.1,881.2,,,Railsback2015,false
23b,MIS 23b,substage,23,899.0,893.1,,,Railsback2015,false
23,MIS 23,stage,,917.7,881.2,,warm,Railsback2015,true
23c,MIS 23c,substage,23,917.7,899.0,,,Railsback2015,false
24,MIS 24,stage,,928.0,917.7,,cold,Railsback2015,false
25a,MIS 25a,substage,25,938.5,928.0,,,Railsback2015,false
25b,MIS 25b,substage,25,941.3,938.5,,,Railsback2015,false
25c,MIS 25c,substage,25,944.8,941.3,,,Railsback2015,false
25d,MIS 25d,substage,25,947.2,944.8,,,Railsback2015,false
25,MIS 25,stage,,959.7,928.0,,warm,Railsback2015,true
25e,MIS 25e,substage,25,959.7,947.2,,,Railsback2015,false
26,MIS 26,stage,,970.6,959.7,,cold,Railsback2015,false
27,MIS 27,stage,,982.1,970.6,,warm,Railsback2015,false
28a,MIS 28a,substage,28,992.1,982.1,,,Railsback2015,false
28b,MIS 28b,substage,28,1001.2,992.1,,,Railsback2015,false
28,MIS 28,stage,,1013.1,982.1,,cold,Railsback2015,true
28c,MIS 28c,substage,28,1013.1,1001.2,,,Railsback2015,false
29,MIS 29,stage,,1031.0,1014.0,,warm,LR04,false
30,MIS 30,stage,,1062.0,1031.0,,cold,LR04,false
31,MIS 31,stage,,1081.0,1062.0,,warm,LR04,false
32,MIS 32,stage,,1104.0,1081.0,,cold,LR04,false
33,MIS 33,stage,,1114.0,1104.0,,warm,LR04,false
34,MIS 34,stage,,1141.0,1114.0,,cold,LR04,false
35,MIS 35,stage,,1190.0,1141.0,,warm,LR04,false
36,MIS 36,stage,,1215.0,1190.0,,cold,LR04,false
37,MIS 37,stage,,1244.0,1215.0,,warm,LR04,false
38,MIS 38,stage,,1264.0,1244.0,,cold,LR04,false
39,MIS 39,stage,,1286.0,1264.0,,warm,LR04,false
40,MIS 40,stage,,1304.0,1286.0,,cold,LR04,false
41,MIS 41,stage,,1320.0,1304.0,,warm,LR04,false
42,MIS 42,stage,,1344.0,1320.0,,cold,LR04,false
43,MIS 43,stage,,1362.0,1344.0,,warm,LR04,false
44,MIS 44,stage,,1383.0,1362.0,,cold,LR04,false
45,MIS 45,stage,,1405.0,1383.0,,warm,LR04,false
46,MIS 46,stage,,1424.0,1405.0,,cold,LR04,false
47,MIS 47,stage,,1452.0,1424.0,,warm,LR04,false
48,MIS 48,stage,,1469.0,1452.0,,cold,LR04,false
49,MIS 49,stage,,1492.0,1469.0,,warm,LR04,false
50,MIS 50,stage,,1510.0,1492.0,,cold,LR04,false
51,MIS 51,stage,,1530.0,1510.0,,warm,LR04,false
52,MIS 52,stage,,1547.5,1530.0,,cold,LR04,false
53,MIS 53,stage,,1570.0,1547.5,,warm,LR04,false
54,MIS 54,stage,,1585.0,1570.0,,cold,LR04,false
55,MIS 55,stage,,1608.0,1585.0,,warm,LR04,false
56,MIS 56,stage,,1628.5,1608.0,,cold,LR04,false
57,MIS 57,stage,,1642.5,1628.5,,warm,LR04,false
58,MIS 58,stage,,1670.0,1642.5,,cold,LR04,false
59,MIS 59,stage,,1697.5,1670.0,,warm,LR04,false
60,MIS 60,stage,,1715.0,1697.5,,cold,LR04,false
61,MIS 61,stage,,1743.0,1715.0,,warm,LR04,false
62,MIS 62,stage,,1758.0,1743.0,,cold,LR04,false
63,MIS 63,stage,,1782.0,1758.0,,warm,LR04,false
64,MIS 64,stage,,1802.5,1782.0,,cold,LR04,false
65,MIS 65,stage,,1816.0,1802.5,,warm,LR04,false
66,MIS 66,stage,,1826.0,1816.0,,cold,LR04,false
67,MIS 67,stage,,1832.5,1826.0,,warm,LR04,false
68,MIS 68,stage,,1849.0,1832.5,,cold,LR04,false
69,MIS 69,stage,,1859.5,1849.0,,warm,LR04,false
70,MIS 70,stage,,1875.0,1859.5,,cold,LR04,false
71,MIS 71,stage,,1898.0,1875.0,,warm,LR04,false
72,MIS 72,stage,,1915.0,1898.0,,cold,LR04,false
73,MIS 73,stage,,1941.0,1915.0,,warm,LR04,false
74,MIS 74,stage,,1965.0,1941.0,,cold,LR04,false
75,MIS 75,stage,,1990.0,1965.0,,warm,LR04,false
76,MIS 76,stage,,2017.0,1990.0,,cold,LR04,false
77,MIS 77,stage,,2043.0,2017.0,,warm,LR04,false
78,MIS 78,stage,,2088.0,2043.0,,cold,LR04,false
79,MIS 79,stage,,2103.0,2088.0,,warm,LR04,false
80,MIS 80,stage,,2125.0,2103.0,,cold,LR04,false
81,MIS 81,stage,,2146.0,2125.0,,warm,LR04,false
82,MIS 82,stage,,2168.0,2146.0,,cold,LR04,false
83,MIS 83,stage,,2192.0,2168.0,,warm,LR04,false
84,MIS 84,stage,,2207.5,2192.0,,cold,LR04,false
85,MIS 85,stage,,2236.0,2207.5,,warm,LR04,false
86,MIS 86,stage,,2250.0,2236.0,,cold,LR04,false
87,MIS 87,stage,,2273.0,2250.0,,warm,LR04,false
88,MIS 88,stage,,2291.0,2273.0,,cold,LR04,false
89,MIS 89,stage,,2309.0,2291.0,,warm,LR04,false
90,MIS 90,stage,,2333.0,2309.0,,cold,LR04,false
91,MIS 91,stage,,2350.0,2333.0,,warm,LR04,false
92,MIS 92,stage,,2373.0,2350.0,,cold,LR04,false
93,MIS 93,stage,,2387.0,2373.0,,warm,LR04,false
94,MIS 94,stage,,2407.0,2387.0,,cold,LR04,false
95,MIS 95,stage,,2427.0,2407.0,,warm,LR04,false
96,MIS 96,stage,,2452.0,2427.0,,cold,LR04,false
97,MIS 97,stage,,2477.0,2452.0,,warm,LR04,false
98,MIS 98,stage,,2494.0,2477.0,,cold,LR04,false
99,MIS 99,stage,,2510.0,2494.0,,warm,LR04,false
100,MIS 100,stage,,2540.0,2510.0,,cold,LR04,false
101,MIS 101,stage,,2554.0,2540.0,,warm,LR04,false
102,MIS 102,stage,,2575.0,2554.0,,cold,LR04,false
103,MIS 103,stage,,2595.0,2575.0,,warm,LR04,false
104,MIS 104,stage,,2614.0,2595.0,,cold,LR04,false
G1,MIS G1,stage,,2638.0,2614.0,,,LR04,false
G2,MIS G2,stage,,2652.0,2638.0,,,LR04,false
G3,MIS G3,stage,,2681.0,2652.0,,,LR04,false
G4,MIS G4,stage,,2690.0,2681.0,,,LR04,false
G5,MIS G5,stage,,2704.0,2690.0,,,LR04,false
G6,MIS G6,stage,,2730.0,2704.0,,,LR04,false
G7,MIS G7,stage,,2759.0,2730.0,,,LR04,false
G8,MIS G8,stage,,2777.0,2759.0,,,LR04,false
G9,MIS G9,stage,,2798.0,2777.0,,,LR04,false
G10,MIS G10,stage,,2820.0,2798.0,,,LR04,false
G11,MIS G11,stage,,2838.0,2820.0,,,LR04,false
G12,MIS G12,stage,,2858.0,2838.0,,,LR04,false
G13,MIS G13,stage,,2876.0,2858.0,,,LR04,false
G14,MIS G14,stage,,2893.0,2876.0,,,LR04,false
G15,MIS G15,stage,,2913.0,2893.0,,,LR04,false
G16,MIS G16,stage,,2937.0,2913.0,,,LR04,false
G17,MIS G17,stage,,2966.0,2937.0,,,LR04,false
G18,MIS G18,stage,,2982.5,2966.0,,,LR04,false
G19,MIS G19,stage,,2999.0,2982.5,,,LR04,false
G20,MIS G20,stage,,3025.0,2999.0,,,LR04,false
G21,MIS G21,stage,,3039.0,3025.0,,,LR04,false
G22,MIS G22,stage,,3055.0,3039.0,,,LR04,false
K1,MIS K1,stage,,3087.0,3055.0,,,LR04,false
K2,MIS K2,stage,,3097.0,3087.0,,,LR04,false
KM1,MIS KM1,stage,,3119.0,3097.0,,,LR04,false
KM2,MIS KM2,stage,,3150.0,3119.0,,,LR04,false
KM3,MIS KM3,stage,,3167.0,3150.0,,,LR04,false
KM4,MIS KM4,stage,,3184.0,3167.0,,,LR04,false
KM5,MIS KM5,stage,,3212.0,3184.0,,,LR04,false
KM6,MIS KM6,stage,,3238.0,3212.0,,,LR04,false
M1,MIS M1,stage,,3264.0,3238.0,,,LR04,false
M2,MIS M2,stage,,3312.0,3264.0,,,LR04,false
MG1,MIS MG1,stage,,3332.0,3312.0,,,LR04,false
MG2,MIS MG2,stage,,3347.0,3332.0,,,LR04,false
MG3,MIS MG3,stage,,3372.0,3347.0,,,LR04,false
MG4,MIS MG4,stage,,3387.0,3372.0,,,LR04,false
MG5,MIS MG5,stage,,3444.0,3387.0,,,LR04,false
MG6,MIS MG6,stage,,3471.0,3444.0,,,LR04,false
MG7,MIS MG7,stage,,3517.0,3471.0,,,LR04,false
MG8,MIS MG8,stage,,3532.0,3517.0,,,LR04,false
MG9,MIS MG9,stage,,3546.0,3532.0,,,LR04,false
MG10,MIS MG10,stage,,3566.0,3546.0,,,LR04,false
MG11,MIS MG11,stage,,3578.0,3566.0,,,LR04,false
MG12,MIS MG12,stage,,3592.0,3578.0,,,LR04,false
Gi1,MIS Gi1,stage,,3619.0,3592.0,,,LR04,false
Gi2,MIS Gi2,stage,,3637.0,3619.0,,,LR04,false
Gi3,MIS Gi3,stage,,3660.0,3637.0,,,LR04,false
Gi4,MIS Gi4,stage,,3676.0,3660.0,,,LR04,false
Gi5,MIS Gi5,stage,,3705.0,3676.0,,,LR04,false
Gi6,MIS Gi6,stage,,3719.0,3705.0,,,LR04,false
Gi7,MIS Gi7,stage,,3742.0,3719.0,,,LR04,false
Gi8,MIS Gi8,stage,,3752.0,3742.0,,,LR04,false
Gi9,MIS Gi9,stage,,3768.0,3752.0,,,LR04,false
Gi10,MIS Gi10,stage,,3798.0,3768.0,,,LR04,false
Gi11,MIS Gi11,stage,,3822.0,3798.0,,,LR04,false
Gi12,MIS Gi12,stage,,3835.0,3822.0,,,LR04,false
Gi13,MIS Gi13,stage,,3862.0,3835.0,,,LR04,false
Gi14,MIS Gi14,stage,,3879.0,3862.0,,,LR04,false
Gi15,MIS Gi15,stage,,3912.0,3879.0,,,LR04,false
Gi16,MIS Gi16,stage,,3923.0,3912.0,,,LR04,false
Gi17,MIS Gi17,stage,,3939.0,3923.0,,,LR04,false
Gi18,MIS Gi18,stage,,3952.0,3939.0,,,LR04,false
Gi19,MIS Gi19,stage,,3978.0,3952.0,,,LR04,false
Gi20,MIS Gi20,stage,,4007.0,3978.0,,,LR04,false
Gi21,MIS Gi21,stage,,4029.0,4007.0,,,LR04,false
Gi22,MIS Gi22,stage,,4048.0,4029.0,,,LR04,false
Gi23,MIS Gi23,stage,,4085.0,4048.0,,,LR04,false
Gi24,MIS Gi24,stage,,4098.0,4085.0,,,LR04,false
Gi25,MIS Gi25,stage,,4146.0,4098.0,,,LR04,false
Gi26,MIS Gi26,stage,,4175.0,4146.0,,,LR04,false
Gi27,MIS Gi27,stage,,4192.0,4175.0,,,LR04,false
Gi28,MIS Gi28,stage,,4211.0,4192.0,,,LR04,false
Co1,MIS Co1,stage,,4232.0,4211.0,,,LR04,false
Co2,MIS Co2,stage,,4259.0,4232.0,,,LR04,false
Co3,MIS Co3,stage,,4286.0,4259.0,,,LR04,false
Co4,MIS Co4,stage,,4303.0,4286.0,,,LR04,false
CN1,MIS CN1,stage,,4327.0,4303.0,,,LR04,false
CN2,MIS CN2,stage,,4335.0,4327.0,,,LR04,false
CN3,MIS CN3,stage,,4356.0,4335.0,,,LR04,false
CN4,MIS CN4,stage,,4371.0,4356.0,,,LR04,false
CN5,MIS CN5,stage,,4395.0,4371.0,,,LR04,false
CN6,MIS CN6,stage,,4420.0,4395.0,,,LR04,false
CN7,MIS CN7,stage,,4446.0,4420.0,,,LR04,false
CN8,MIS CN8,stage,,4457.0,4446.0,,,LR04,false
N1,MIS N1,stage,,4487.0,4457.0,,,LR04,false
N2,MIS N2,stage,,4508.0,4487.0,,,LR04,false
N3,MIS N3,stage,,4523.0,4508.0,,,LR04,false
N4,MIS N4,stage,,4538.0,4523.0,,,LR04,false
N5,MIS N5,stage,,4570.0,4538.0,,,LR04,false
N6,MIS N6,stage,,4587.0,4570.0,,,LR04,false
N7,MIS N7,stage,,4603.0,4587.0,,,LR04,false
N8,MIS N8,stage,,4622.0,4603.0,,,LR04,false
N9,MIS N9,stage,,4648.0,4622.0,,,LR04,false
N10,MIS N10,stage,,4658.0,4648.0,,,LR04,false
NS1,MIS NS1,stage,,4684.0,4658.0,,,LR04,false
NS2,MIS NS2,stage,,4702.5,4684.0,,,LR04,false
NS3,MIS NS3,stage,,4722.5,4702.5,,,LR04,false
NS4,MIS NS4,stage,,4737.0,4722.5,,,LR04,false
NS5,MIS NS5,stage,,4766.0,4737.0,,,LR04,false
NS6,MIS NS6,stage,,4778.0,4766.0,,,LR04,false
Si1,MIS Si1,stage,,4807.0,4778.0,,,LR04,false
Si2,MIS Si2,stage,,4821.0,4807.0,,,LR04,false
Si3,MIS Si3,stage,,4840.0,4821.0,,,LR04,false
Si4,MIS Si4,stage,,4860.0,4840.0,,,LR04,false
Si5,MIS Si5,stage,,4883.0,4860.0,,,LR04,false
Si6,MIS Si6,stage,,4904.0,4883.0,,,LR04,false
ST1,MIS ST1,stage,,4931.0,4904.0,,,LR04,false
ST2,MIS ST2,stage,,4952.5,4931.0,,,LR04,false
ST3,MIS ST3,stage,,4976.0,4952.5,,,LR04,false
ST4,MIS ST4,stage,,4985.0,4976.0,,,LR04,false
T1,MIS T1,stage,,5002.0,4985.0,,,LR04,false
T2,MIS T2,stage,,5016.0,5002.0,,,LR04,false
T3,MIS T3,stage,,5038.0,5016.0,,,LR04,false
T4,MIS T4,stage,,5070.0,5038.0,,,LR04,false
T5,MIS T5,stage,,5094.0,5070.0,,,LR04,false
T6,MIS T6,stage,,5116.0,5094.0,,,LR04,false
T7,MIS T7,stage,,5165.0,5116.0,,,LR04,false
T8,MIS T8,stage,,5188.0,5165.0,,,LR04,false
TG1,MIS TG1,stage,,5241.0,5188.0,,,LR04,false
TG2,MIS TG2,stage,,5266.0,5241.0,,,LR04,false
TG3,MIS TG3,stage,,5289.0,5266.0,,,LR04,false
TG4,MIS TG4,stage,,5301.0,5289.0,,,LR04,false
TG5,MIS TG5,stage,,5315.0,5301.0,,,LR04,false
TG6,MIS TG6,stage,,,5315.0,,,LR04,false
